Branch Code,Structural Category,New ID,emp branch English,emp dept English,emp religion,Gender - English,Date of Birth,English Position,Band,emp nationality,emp join date,Married or Not,No of Children,BASIC SALARY MTH,BASIC SALARY YEAR,HOUSING EMP YEAR,EMP TRANS,EMP GAZ,emp MOBILE,emp TRAVEL,JOB NATURE,emp FOOD,Social Insurance,current year service end value,No of Yearly Tickets,tickets value,emp Insurance value,family Insurance value,family Insurance count,emp Insurance total,emp Insurance type,ramadan akramia,Manager new
ho,Personnel,11111123,HO-Jeddah,General Admin,Muslim,Male,1/1/2000,HR Officer,0,Saudi,1-Jan-20,Single,0,0,0,0,0,0,0,0,0,0,0,0,0,0,0,0,0,0,,0,11111147
ho,Personnel,11111124,Riyadh,General Admin,Muslim,Male,8/9/1981,Senior government relations manager,6,Saudi,1-May-14,Married,0,15000,180000,45000,36000,9600,3000,0,0,0,18750,7150.68,0,0,0,0,0,0,,0,N-1
HO,Personnel,11111125,Dammam,General Admin,Muslim,Male,11/6/1998,Governmental Relations Representative,3,Saudi,21-Sep-16,Single,0,4000,48000,24000,13200,5760,1800,0,0,0,6000,0,0,0,0,0,0,0,,0,11111138
HO,Personnel,11111126,Dammam,General Admin,Muslim,Male,6/16/1992,Administration Affairs Specialist,3,Saudi,11-Jul-16,Single,0,5000,60000,24000,13200,0,0,0,0,0,7000,0,0,0,0,0,0,0,,0,11111138
HO,Personnel,11111127,Madina,General Admin,Muslim,Male,12/22/1994,Administration Supervisor,4,Saudi,11-Jan-15,Married,0,6500,78000,24000,18000,5760,2400,0,0,0,8500,0,0,0,0,0,0,0,,0,11111148
HO,Personnel,11111128,Riyadh,General Admin,Muslim,Male,12/5/1989,Administrator,3,Saudi,17-May-15,Single,0,4500,54000,24000,13200,0,0,0,0,0,6500,0,0,0,0,0,0,0,,0,11111134
ho,Personnel,11111129,Riyadh,General Admin,Muslim,Male,6/21/1986,Governmental Relations Supervisor,4,Saudi,23-Feb-13,Married,0,7000,84000,24000,18000,5760,2400,0,0,0,9000,4561.68,0,0,0,0,1,0,,0,11111124
ho,Personnel,11111130,Jeddah,General Admin,Muslim,Male,2/1/1987,Administration Supervisor,4,Saudi,19-Jan-13,Married,0,8000,96000,24000,18000,5760,2400,0,0,0,10000,4931.52,0,0,0,0,1,0,,0,11111148
ho,Personnel,11111131,Riyadh,General Admin,Muslim,Male,4/28/1991,Governmental Relations Representative,3,Saudi,4-Mar-13,Married,0,5500,66000,24000,13200,5760,1800,0,0,0,7500,3378,0,0,0,0,1,0,,0,11111124
ho,Personnel,11111132,Dammam,General Admin,Muslim,Male,5/18/1984,Administration Affairs Specialist,3,Saudi,10-Mar-13,Married,1,4500,54000,24000,13200,0,0,0,0,0,6500,2465.76,0,0,0,0,2,0,,0,11111138
ho,Personnel,11111133,Riyadh,General Admin,Muslim,Male,7/20/1974,Governmental Relations Representative,3,Saudi,1-Sep-13,Married,7,6500,78000,24000,13200,5760,1800,0,0,0,8500,3698.64,0,0,0,0,8,0,,0,11111124
ho,Personnel,11111134,Riyadh,General Admin,Muslim,Male,1/1/1978,Administration Supervisor,4,Yemeni,4-Dec-13,Married,4,7000,84000,21000,18000,5760,2400,0,0,0,8750,4438.32,0,0,0,0,0,0,,0,11111124
ho,Personnel,11111135,Dammam,General Admin,Muslim,Male,8/1/1978,Governmental Relations Representative,3,Saudi,1-Dec-13,Married,0,5000,60000,24000,13200,5760,1800,0,0,0,7000,3378,0,0,0,0,0,0,,0,11111138
ho,Personnel,11111136,Madina,General Admin,Muslim,Male,4/6/1982,Governmental Relations Representative,3,Saudi,12-May-14,Single,0,5000,60000,15000,13200,5760,1800,0,0,0,6250,2885.04,0,0,0,0,0,0,,0,11111148
HO,Personnel,11111137,Riyadh,General Admin,Muslim,Male,1/22/1989,Senior Administration Affairs Specialist,3,Saudi,1-Jun-14,Married,0,7000,84000,24000,13200,0,1800,0,0,0,9000,4438.32,0,0,0,0,0,0,,0,11111124
ho,Personnel,11111138,Dammam,General Admin,Muslim,Male,9/24/1989,Administration Supervisor,4,Saudi,7-Sep-14,Single,0,7500,90000,24000,18000,5760,2400,0,0,0,9500,2477.64,0,0,0,0,0,0,,0,11111124
HO,Personnel,11111139,Riyadh,General Admin,Muslim,Male,7/7/1991,Administration Affairs Specialist,3,Saudi,1-Jun-22,Married,0,4000,48000,24000,13200,0,0,0,0,0,6000,0,0,0,0,0,0,0,,0,11111124
ho,Personnel,11111140,Bahra Warehouse,General Admin,Muslim,Male,4/24/1989,Administration Supervisor,4,Saudi,9-Mar-21,Single,0,7000,84000,24000,18000,5760,2400,0,0,0,9000,0,0,0,0,0,0,0,,0,11111148
HO,Personnel,11111141,Riyadh,General Admin,Muslim,Male,12/29/1991,Governmental Relations Representative,3,Saudi,1-Sep-20,Married,0,4500,54000,24000,13200,5760,1800,0,0,0,6500,0,0,0,0,0,0,0,,0,11111134
HO,Personnel,11111142,Khamis,General Admin,Muslim,Male,5/27/1995,Governmental Relations Representative,3,Saudi,16-Jul-20,Single,0,4000,48000,15000,13200,5760,1800,0,0,0,5250,0,0,0,0,0,0,0,,0,11111145
HO,Personnel,11111143,Riyadh,General Admin,Muslim,Male,4/10/1993,Governmental Relations Representative,3,Saudi,5-May-19,Single,0,5500,66000,24000,13200,5760,1800,0,0,0,7500,0,0,0,0,0,0,0,,0,11111124
HO,Personnel,11111144,Dammam,General Admin,Muslim,Male,8/23/1980,Governmental Relations Representative,3,Saudi,1-Jun-17,Married,0,5000,60000,24000,13200,5760,1800,0,0,0,7000,0,0,0,0,0,0,0,,0,11111138
HO,Personnel,11111145,Khamis,General Admin,Muslim,Male,1/7/1996,Administration Supervisor,4,Saudi,10-Apr-18,Single,0,6000,72000,15000,18000,5760,2400,0,0,0,7250,0,0,0,0,0,0,0,,0,11111148
HO,Personnel,11111146,Riyadh,General Admin,Muslim,Male,11/30/1965,Receptionist,2,Egyptian,15-Dec-20,Single,0,3500,42000,10500,9000,0,0,0,0,0,4375,0,0,0,0,0,0,0,,0,11111124
ho,Personnel,11111147,HO-Jeddah,General Admin,Muslim,Male,12/7/1989,Administration Manager,5,Saudi,3-Dec-17,Single,0,10000,120000,30000,24000,4800,3000,0,0,0,12500,0,0,0,0,0,0,0,,0,11111148
ho,Personnel,11111148,HO-Jeddah,General Admin,Muslim,Male,6/17/1977,Governmental & Administration Relations Manager,6,Saudi,22-Feb-03,Married,2,15000,180000,45000,36000,9600,3000,0,0,0,18750,14301.36,0,0,0,0,3,0,,0,N-1
HO,Personnel,11111149,HO-Jeddah,General Admin,Muslim,Male,11/8/1985,Administrator,3,Saudi,3-Nov-16,Single,0,5000,60000,24000,13200,0,1800,0,0,0,7000,0,0,0,0,0,0,0,,0,11111147
HO,Personnel,11111150,HO-Jeddah,General Admin,Muslim,Male,6/8/1992,Administration Affairs Supervisor,4,Saudi,1-Dec-16,Single,0,7000,84000,24000,18000,0,2400,0,0,0,9000,0,0,0,0,0,0,0,,0,11111147
HO,Personnel,11111151,HO-Jeddah,General Admin,Muslim,Male,9/29/1987,Hospitality Officer,3,Yemeni,6-Jan-15,Married,0,5500,66000,18000,13200,0,1800,0,0,0,7000,0,0,0,0,0,0,0,,0,11111147
HO,Personnel,11111152,HO-Jeddah,General Admin,Muslim,Male,3/24/1992,Senior Insurance Officer,3,Pakistani,1-Jan-15,Single,0,5000,60000,15000,13200,0,1800,0,0,0,6500,0,0,0,0,0,0,0,,0,11111147
HO,Personnel,11111153,HO-Jeddah,General Admin,Muslim,Male,6/11/1990,HR Supervisor,4,Saudi,18-Jan-15,Married,0,7000,84000,24000,18000,0,2400,0,0,0,9000,0,0,0,0,0,0,0,,0,11111147
HO,Personnel,11111154,HO-Jeddah,General Admin,Muslim,Male,8/1/1990,Senior Payroll Specialist,3,Saudi,12-Mar-15,Single,0,6000,72000,24000,13200,0,0,0,0,0,8000,0,0,0,0,0,0,0,,0,11111147
ho,Personnel,11111155,HO-Jeddah,General Admin,Muslim,Male,2/25/1989,Senior Governmental Relations Specialist,3,Saudi,15-Jun-13,Single,0,6000,72000,24000,13200,0,0,0,0,0,8000,3254.76,0,0,0,0,0,0,,0,11111157
HO,Personnel,11111156,HO-Jeddah,General Admin,Muslim,Male,7/24/1978,Governmental Relations Representative,3,Saudi,25-Jun-13,Married,1,5000,60000,24000,13200,5760,1800,0,0,0,7000,3384,0,0,0,0,2,0,,0,11111157
ho,Personnel,11111157,HO-Jeddah,General Admin,Muslim,Male,12/14/1986,Governmental Affairs Supervisor,4,Saudi,1-Oct-13,Married,0,8500,102000,25500,18000,5760,2400,0,0,0,10625,5178.12,0,0,0,0,0,0,,0,11111148
ho,Personnel,11111158,HO-Jeddah,General Admin,Muslim,Male,1/1/1991,Secretary,3,Pakistani,2-Feb-14,Married,2,7250,87000,21744,13200,0,1800,0,0,0,9062,2761.68,0,0,0,0,0,0,,0,N-1
ho,Personnel,11111159,HO-Jeddah,General Admin,Muslim,Male,12/27/1985,Senior Administration Affairs Specialist,3,Yemeni,20-Jan-14,Married,3,5500,66000,18000,13200,0,0,0,0,0,7000,3008.28,0,0,0,0,0,0,,0,11111147
ho,Personnel,11111160,HO-Jeddah,General Admin,Muslim,Female,3/14/1986,Senior HR Specialist,3,Saudi,4-May-14,Single,0,6000,72000,18000,13200,0,1800,0,0,0,7500,1726.08,0,0,0,0,0,0,,0,11111148
ho,Personnel,11111161,HO-Jeddah,General Admin,Muslim,Female,5/2/1991,Administrator,3,Yemeni,4-May-14,Married,0,4500,54000,13500,13200,0,0,0,0,0,5625,1726.08,0,0,0,0,0,0,,0,11111162
ho,Personnel,11111162,HO-Jeddah,General Admin,Muslim,Female,9/18/1978,Administration Supervisor,4,Saudi,4-May-14,Single,0,7000,84000,21000,18000,0,2400,0,0,0,8750,1726.08,0,0,0,0,0,0,,0,11111148
HO,Personnel,11111163,HO-Jeddah,General Admin,Muslim,Female,5/17/1991,Administrator,3,Saudi,11-Aug-14,Single,0,4500,54000,15000,13200,0,0,0,0,0,5750,1781.64,0,0,0,0,0,0,,0,11111162
HO,Personnel,11111164,HO-Jeddah,General Admin,Muslim,Female,5/1/1984,Customer Service Representative,3,Saudi,1-Jul-22,Single,0,3000,36000,12000,0,0,0,0,0,0,4000,0,0,0,0,0,0,0,,0,11111162
HO,Personnel,11111165,HO-Jeddah,General Admin,Muslim,Male,10/4/1981,Administrator,3,Saudi,31-Aug-23,Married,0,4000,48000,24000,13200,0,0,0,0,0,6000,0,0,0,0,0,0,0,,0,11111147
HO,Personnel,11111166,HO-Jeddah,General Admin,Muslim,Male,1/13/1999,HR Specialist,3,Saudi,30-Nov-23,Single,0,4500,54000,24000,13200,0,1800,0,0,0,6500,0,0,0,0,0,0,0,,0,11111147
HO,Personnel,11111167,HO-Jeddah,General Admin,Muslim,Male,10/11/2000,Administrator,3,Saudi,12-May-24,Single,0,4500,54000,15000,13200,0,0,0,0,0,5750,0,0,0,0,0,0,0,,0,11111147
ho,Personnel,11111168,HO-Jeddah,General Admin,Muslim,Male,8/15/2001,HR Specialist,3,Saudi,11-Jul-24,Single,0,4000,48000,15000,13200,0,0,0,0,0,5250,0,0,0,0,0,0,0,,0,11111147
HO,Personnel,11111169,HO-Jeddah,General Admin,Muslim,Male,5/13/1998,Governmental Relations Representative,3,Saudi,1-Dec-21,Single,0,4000,48000,15000,13200,7680,1800,0,0,0,5250,0,0,0,0,0,0,0,,0,11111147
HO,Personnel,11111170,HO-Jeddah,General Admin,Muslim,Female,8/25/1989,Customer Service Representative,3,Saudi,18-Nov-19,Single,0,3000,36000,12000,13200,0,0,0,0,0,4000,0,0,0,0,0,0,0,,0,11111162
HO,Personnel,11111171,HO-Jeddah,General Admin,Muslim,Male,3/4/1993,HR Specialist,3,Saudi,10-Jun-20,Single,0,5000,60000,15000,13200,0,1800,0,0,0,6250,0,0,0,0,0,0,0,,0,11111147
HO,Personnel,11111172,HO-Jeddah,General Admin,Muslim,Male,4/17/1996,Senior HR Specialist,3,Saudi,6-Jul-20,Married,0,5500,66000,24000,13200,0,0,0,0,0,7500,0,0,0,0,0,0,0,,0,11111147
HO,Personnel,11111173,HO-Jeddah,General Admin,Muslim,Male,11/9/1980,Governmental Relations Representative,3,Saudi,19-Sep-19,Married,0,4500,54000,24000,13200,5760,1800,0,0,0,6500,0,0,0,0,0,0,0,,0,11111157
HO,Personnel,11111174,HO-Jeddah,General Admin,Muslim,Male,7/1/1981,Governmental Relations Specialist,3,Saudi,1-Oct-18,Single,0,5000,60000,24000,13200,0,0,0,0,0,7000,0,0,0,0,0,0,0,,0,11111157
HO,Personnel,11111175,HO-Jeddah,General Admin,Muslim,Female,1/27/1975,Administrator,3,Saudi,1-Mar-16,Single,0,3100,37200,12000,0,0,0,0,0,0,4100,0,0,0,0,0,0,0,,0,11111162
HO,Personnel,11111176,HO-Jeddah,General Admin,Muslim,Female,12/19/1980,Administrator,3,Saudi,3-May-15,Single,0,4500,54000,15000,13200,0,1800,0,0,0,5750,0,0,0,0,0,0,0,,0,11111162
HO,Personnel,11111177,HO-Jeddah,General Admin,Muslim,Female,11/17/1989,Administrator,3,Saudi,3-May-15,Single,0,4500,54000,15000,13200,0,0,0,0,0,5750,0,0,0,0,0,0,0,,0,11111162
HO,Personnel,11111178,HO-Jeddah,General Admin,Muslim,Female,10/13/1990,Administrator,3,Saudi,3-May-15,Married,0,4500,54000,15000,13200,0,0,0,0,0,5750,0,0,0,0,0,0,0,,0,11111162
ho,Personnel,11111179,HO-Jeddah,General Admin,Muslim,Female,1/8/1994,Administrator,3,Saudi,1-May-17,Married,0,4500,54000,15000,13200,0,0,0,0,0,5750,0,0,0,0,0,0,0,,0,11111162
HO,Personnel,11111180,HO-Jeddah,General Admin,Muslim,Male,4/14/1991,Senior HR Officer,3,Saudi,1-Oct-25,Married,0,5500,66000,24000,13200,0,1800,0,0,0,7500,0,0,0,0,0,0,0,,0,11111147
HO,Personnel,11111181,HO-Jeddah,General Admin,Muslim,Male,10/3/1984,Payroll Supervisor,4,Saudi,1-Oct-25,Married,0,8000,96000,24000,18000,0,2400,0,0,0,10000,0,0,0,0,0,0,0,,0,11111148
HO,Personnel,11111182,HO-Jeddah,General Admin,Muslim,Male,9/30/2002,HR Specialist,3,Saudi,3-Aug-25,Single,0,4000,48000,15000,13200,0,0,0,0,0,5250,0,0,0,0,0,0,0,,0,11111147
HO,Personnel,11111183,HO-Jeddah,General Admin,Muslim,Male,4/2/1988,Administrator,3,Yemeni,1-Jun-25,Single,0,4500,54000,15000,13200,0,0,0,0,0,5750,0,0,0,0,0,0,0,,0,11111147
HO,Personnel,11111184,HO-Jeddah,General Admin,Muslim,Male,12/4/1998,Payroll Specialist,3,Saudi,12-Nov-24,Single,0,4500,54000,15000,13200,0,0,0,0,0,5750,0,0,0,0,0,0,0,,0,11111147
HO,Personnel,11111185,HO-Jeddah,General Admin,Muslim,Male,2/10/1999,Hospitality Officer,3,Saudi,4-Sep-24,Married,0,4000,48000,24000,13200,0,0,0,0,0,6000,0,0,0,0,0,0,0,,0,11111147
HO,Personnel,11111186,HO-Jeddah,General Admin,Muslim,Male,4/17/1975,Messenger,1,Yemeni,3-Mar-16,Single,0,4050,48600,0,0,8400,1200,0,0,0,4550,0,0,0,0,0,0,0,,0,11111147
HO,Personnel,11111187,HO-Jeddah,General Admin,Muslim,Male,1/1/1971,Messenger,1,Pakistani,5-Mar-14,Single,0,3000,36000,9000,0,7680,1200,0,0,0,3750,1212,0,0,0,0,0,0,,0,11111147
HO,Personnel,11111188,HO-Jeddah,General Admin,Muslim,Male,3/6/2000,Messenger,1,Afghanistan,10-Dec-23,Single,0,3000,36000,6000,0,8400,1200,0,0,0,3500,0,0,0,0,0,0,0,,0,11111147
HO,Fin,11111189,HO-Jeddah,Finance,Muslim,Male,1/1/1972,Financial Controller,6,Jordanian,27-Mar-00,Married,3,18000,216000,54000,36000,0,3000,0,0,0,23250,17753.4,0,0,0,0,4,0,,0,N-1
ho,Fin,11111190,HO-Jeddah,Finance,Muslim,Male,1/1/1987,Chief Accountant,5,Egyptian,6-Sep-09,Married,2,12000,144000,36000,24000,0,3000,0,0,0,15500,7870.68,0,0,0,0,0,0,,0,11111189
ho,Fin,11111191,HO-Jeddah,Finance,Muslim,Male,3/10/1979,Accounting Supervisor,4,Egyptian,11-Jul-06,Married,2,8000,96000,24000,18000,0,2400,0,0,0,10000,6953.52,0,0,0,0,2,0,,0,11111189
ho,Fin,11111192,Dammam,Finance,Muslim,Male,7/30/1991,Senior Accountant,3,Egyptian,15-Aug-16,Single,0,6500,78000,19500,13200,5760,0,0,0,0,8125,0,0,0,0,0,0,0,,0,11111189
ho,Fin,11111193,HO-Jeddah,Finance,Muslim,Male,9/30/1986,Accounting Supervisor,4,Egyptian,23-Jun-13,Single,0,9000,108000,27000,18000,0,2400,0,0,0,11650,3254.76,0,0,0,0,0,0,,0,11111189
ho,Fin,11111194,HO-Jeddah,Finance,Muslim,Female,8/23/1980,Senior Accountant,3,Saudi,1-Jul-13,Single,0,7550,90600,22650,13200,0,0,0,0,0,9437.5,4500,0,0,0,0,0,0,,0,11111189
ho,Fin,11111195,Jeddah,Finance,Muslim,Male,11/11/1984,Senior Accountant,3,Saudi,17-Feb-14,Married,0,7000,84000,24000,13200,0,0,0,0,0,9000,3378.12,0,0,0,0,0,0,,0,11111189
HO,Fin,11111196,Dammam,Finance,Muslim,Male,6/9/1984,Data Entry,3,Saudi,20-Jun-21,Single,0,3750,45000,15000,13200,0,0,0,0,0,5000,0,0,0,0,0,0,0,,0,11111189
HO,Fin,11111197,Madina,Finance,Muslim,Male,3/10/1996,Accountant,3,Saudi,25-Aug-21,Single,0,5500,66000,16500,13200,5760,0,0,0,0,6875,0,0,0,0,0,0,0,,0,11111189
HO,Fin,11111198,Khamis,Finance,Muslim,Male,3/25/1996,Accountant,3,Saudi,12-Dec-21,Single,0,5380,64560,16140,13200,5760,0,0,0,0,6725,0,0,0,0,0,0,0,,0,11111189
HO,Fin,11111199,HO-Jeddah,Finance,Muslim,Female,1/14/1990,Senior Data Entry,3,Yemeni,12-May-19,Single,0,4320,51840,15000,13200,0,0,0,0,0,5570,0,0,0,0,0,0,0,,0,11111189
HO,Fin,11111200,HO-Jeddah,Finance,Muslim,Male,6/22/1979,Senior Accountant,3,Indian,13-Jun-19,Single,0,6200,74400,21000,13200,0,0,0,0,0,7950,0,0,0,0,0,0,0,,0,11111189
HO,Fin,11111201,Jeddah,Finance,Muslim,Male,1/1/1984,Senior Data Entry,3,Yemeni,1-Jul-19,Single,0,4000,48000,18000,13200,0,0,0,0,0,5500,0,0,0,0,0,0,0,,0,11111189
HO,Fin,11111202,Jeddah,Finance,Muslim,Male,1/31/1991,Data Entry,3,Yemeni,8-Sep-19,Single,0,4000,48000,15000,13200,5760,0,0,0,0,5250,0,0,0,0,0,0,0,,0,11111189
HO,Fin,11111203,Jeddah,Finance,Muslim,Male,2/18/1991,Accountant,3,Saudi,1-Apr-19,Single,0,6100,73200,18300,13200,5760,0,0,0,0,7625,0,0,0,0,0,0,0,,0,11111189
HO,Fin,11111204,Riyadh,Finance,Muslim,Male,12/10/1990,Senior Accountant,3,Egyptian,30-Jul-17,Single,0,6500,78000,19500,13200,5760,0,0,0,0,8125,0,0,0,0,0,0,0,,0,11111189
HO,Fin,11111205,Jeddah,Finance,Muslim,Male,1/25/1992,Senior Data Entry,3,Saudi,1-Apr-18,Single,0,4500,54000,24000,13200,0,0,0,0,0,6500,0,0,0,0,0,0,0,,0,11111189
HO,Fin,11111206,HO-Jeddah,Finance,Muslim,Male,1/19/1989,Accountant,3,Saudi,1-Nov-22,Single,0,5500,66000,16500,13200,0,0,0,0,0,6875,0,0,0,0,0,0,0,,0,11111189
HO,Fin,11111207,Jeddah,Finance,Muslim,Male,8/1/1977,Accountant,3,Egyptian,9-Dec-24,Married,0,6000,72000,18000,13200,5760,0,0,0,0,0,0,0,0,0,0,0,0,,0,11111189
HO,Fin,11111208,Riyadh,Finance,Muslim,Male,6/24/1992,Data Entry,3,Saudi,10-Dec-24,Married,0,3500,42000,24000,13200,0,0,0,0,0,5500,0,0,0,0,0,0,0,,0,11111189
HO,Fin,11111209,Jeddah,Finance,Muslim,Female,8/13/1998,Accountant,3,Saudi,14-Aug-23,Single,0,5500,66000,16500,13200,0,0,0,0,0,6875,0,0,0,0,0,0,0,,0,11111189
HO,Fin,11111210,HO-Jeddah,Finance,Muslim,Female,10/11/2003,Accountant,3,Saudi,20-Jul-25,Single,0,5500,66000,18000,13200,0,0,0,0,0,7000,0,0,0,0,0,0,0,,0,11111189
HO,Fin,11111211,Riyadh,Finance,Muslim,Male,9/10/1991,Book Keeper,3,Saudi,24-Aug-25,Married,0,4000,48000,24000,13200,0,0,0,0,0,6000,0,0,0,0,0,0,0,,0,11111189
HO,Fin,11111212,HO-Jeddah,Finance,Muslim,Male,6/24/1986,Services Clerk,2,Pakistani,4-Aug-15,Single,0,4110,49320,12324,0,7680,1200,0,0,0,5137,0,0,0,0,0,0,0,,0,11111189
ho,Fin,11111213,Jeddah,Finance,Muslim,Male,5/10/1969,Senior Accountant,3,Sudanese,1-Feb-06,Married,4,7000,84000,21000,13200,5760,0,0,0,0,8750,6805.44,0,0,0,0,1,0,,0,11111295
ho,Fin,11111214,Jeddah,Finance,Muslim,Male,10/24/1982,Senior Book Keeper,3,Saudi,2-Sep-03,Married,3,5000,60000,24000,13200,0,0,0,0,0,7000,6558.84,0,0,0,0,3,0,,0,11111295
ho,Fin,11111215,Khamis,Finance,Muslim,Male,12/6/1983,Senior Data Entry,3,Saudi,15-Apr-03,Married,5,4750,57000,24000,13200,0,0,0,0,0,6750,5473.92,0,0,0,0,6,0,,0,11111295
ho,Fin,11111216,Riyadh,Finance,Muslim,Male,7/29/1982,Senior Accountant,3,Egyptian,21-Oct-10,Married,3,7500,90000,22500,13200,0,0,0,0,0,9375,3328.8,0,0,0,0,1,0,,0,11111295
ho,Fin,11111217,Madina,Finance,Muslim,Male,8/31/1971,Senior Accountant,3,Egyptian,12-Dec-09,Married,1,6500,78000,19500,13200,5760,0,0,0,0,8125,3254.76,0,0,0,0,1,0,,0,11111295
HO,Fin,11111218,Madina,Finance,Muslim,Male,11/14/1985,Data Entry,3,Saudi,25-Jul-16,Single,0,4250,51000,24000,13200,0,0,0,0,0,6250,0,0,0,0,0,0,0,,0,11111295
HO,Fin,11111219,Jeddah,Finance,Muslim,Male,9/1/1985,Senior Accountant,3,Egyptian,10-Nov-15,Married,0,7000,84000,21000,13200,0,0,0,6000,0,8750,0,0,0,0,0,0,0,,0,11111295
HO,Fin,11111220,Jeddah,Finance,Muslim,Male,11/8/1991,Accountant,3,Saudi,23-Dec-15,Single,0,5000,60000,24000,13200,0,0,0,0,0,7000,0,0,0,0,0,0,0,,0,11111295
HO,Fin,11111221,Riyadh,Finance,Muslim,Male,2/18/1988,Senior Accountant,3,Displaced Tripes,4-May-15,Married,0,6500,78000,24000,13200,0,0,0,0,0,8500,0,0,0,0,0,0,0,,0,11111295
HO,Fin,11111222,Riyadh,Finance,Muslim,Male,10/10/1991,Senior Accountant,3,Displaced Tripes,17-May-15,Married,0,6500,78000,24000,13200,0,0,0,0,0,8500,0,0,0,0,0,0,0,,0,11111295
ho,Fin,11111223,Dammam,Finance,Muslim,Male,5/11/1985,Accountant,3,Saudi,26-Aug-14,Married,0,5750,69000,24000,13200,0,0,0,0,0,7750,2968.44,0,0,0,0,0,0,,0,11111295
ho,Fin,11111224,Khamis,Finance,Muslim,Male,10/17/1992,Book Keeper,3,Saudi,3-Mar-24,Single,0,4000,48000,24000,13200,0,0,0,0,0,6000,0,0,0,0,0,0,0,,0,11111295
HO,Fin,11111225,Riyadh,Finance,Muslim,Male,7/2/1998,Accountant,3,Saudi,12-Sep-21,Single,0,5500,66000,16500,13200,0,0,0,0,0,6875,0,0,0,0,0,0,0,,0,11111295
HO,Fin,11111226,Dammam,Finance,Muslim,Male,5/9/1977,Accountant,3,Saudi,14-Mar-21,Married,0,5750,69000,24000,13200,0,0,0,0,0,7750,0,0,0,0,0,0,0,,0,11111295
HO,Fin,11111227,Jeddah,Finance,Muslim,Male,5/27/1992,Senior Book Keeper,3,Saudi,25-Nov-19,Single,0,4500,54000,15000,13200,0,0,0,0,0,5750,0,0,0,0,0,0,0,,0,11111295
HO,Fin,11111228,Jeddah,Finance,Muslim,Male,1/31/1994,Accountant,3,Saudi,8-Dec-19,Married,0,6000,72000,24000,13200,0,0,0,0,0,8000,0,0,0,0,0,0,0,,0,11111295
HO,Fin,11111229,Riyadh,Finance,Muslim,Male,8/25/2002,Accountant,3,Saudi,2-Oct-25,Single,0,5500,66000,16500,13200,0,0,0,0,0,6875,0,0,0,0,0,0,0,,0,11111295
HO,Fin,11111230,Dammam,Finance,Muslim,Male,4/13/1994,Book Keeper,3,Saudi,12-Oct-25,Married,0,3750,45000,24000,13200,0,0,0,0,0,5750,0,0,0,0,0,0,0,,0,11111295
HO,Fin,11111231,Riyadh,Finance,Muslim,Male,11/20/1995,Senior Book Keeper,3,Saudi,29-May-25,Married,0,5250,63000,24000,13200,0,0,0,0,0,7250,0,0,0,0,0,0,0,,0,11111295
HO,Fin,11111232,HO-Jeddah,Finance,Muslim,Male,12/13/1971,Financial Controller,6,Egyptian,5-Feb-12,Married,1,15500,186000,46500,36000,0,3000,0,0,0,20375,6041.16,0,0,0,0,0,0,,0,N-1
HO,Fin,11111233,Jeddah,Finance,Muslim,Male,1/1/1990,Senior Accountant,3,Egyptian,4-Oct-16,Single,0,6500,78000,19500,13200,0,0,0,0,0,8125,0,0,0,0,0,0,0,,0,11111232
ho,Fin,11111234,HO-Jeddah,Finance,Muslim,Male,8/17/1985,Accounting Supervisor,4,Egyptian,24-Jun-13,Married,1,7500,90000,22500,18000,0,2400,0,0,0,9375,2983.56,0,0,0,0,0,0,,0,11111232
HO,Fin,11111235,Riyadh,Finance,Muslim,Male,5/17/1984,Data Entry,3,Saudi,11-Sep-22,Single,0,4000,48000,24000,13200,0,0,0,0,0,6000,0,0,0,0,0,0,0,,0,11111232
HO,Fin,11111236,HO-Jeddah,Finance,Muslim,Male,6/25/2000,Senior Accountant,3,Saudi,3-Sep-23,Single,0,6000,72000,21000,13200,0,0,0,0,0,7750,0,0,0,0,0,0,0,,0,11111232
HO,Fin,11111237,Dammam,Finance,Muslim,Male,11/2/1998,Book Keeper,3,Saudi,11-Aug-24,Single,0,4500,54000,15000,13200,0,0,0,0,0,5750,0,0,0,0,0,0,0,,0,11111232
HO,Fin,11111238,HO-Jeddah,Finance,Muslim,Male,4/9/1984,Senior Accountant,3,Egyptian,2-Jul-24,Single,0,6500,78000,21000,13200,0,0,0,0,0,8250,0,0,0,0,0,0,0,,0,11111232
HO,Fin,11111239,Jeddah,Finance,Muslim,Male,1/13/1997,Book Keeper,3,Saudi,8-Jul-24,Single,0,4000,48000,15000,13200,6000,0,0,0,0,5250,0,0,0,0,0,0,0,,0,11111232
HO,Fin,11111240,HO-Jeddah,Finance,Muslim,Male,3/20/2002,Accountant,3,Egyptian,29-Jun-25,Single,0,5500,66000,16500,13200,0,0,0,0,0,6875,0,0,0,0,0,0,0,,0,11111232
HO,Fin,11111241,Riyadh,Finance,Muslim,Male,5/30/1998,Senior Accountant,3,Saudi,28-May-25,Single,0,6000,72000,18000,13200,0,0,0,0,0,7500,0,0,0,0,0,0,0,,0,11111232
ho,Fin,11111242,Jeddah,Finance,Muslim,Male,2/9/1975,Senior Data Entry,3,Sudanese,19-Jul-06,Married,0,5000,60000,15000.36,13200,7680,0,0,0,0,6250.03,5506.92,0,0,0,0,1,0,,0,11111295
HO,Fin,11111243,Jeddah,Finance,Muslim,Male,12/10/1972,Senior Accountant,3,Egyptian,8-Apr-07,Married,4,7000,84000,21000,13200,0,0,0,0,0,8750,8880,0,0,0,0,4,0,,0,11111295
ho,Fin,11111244,Madina,Finance,Muslim,Male,2/2/1965,Accounting Supervisor,4,Egyptian,1-Sep-92,Married,3,7500,90000,22500,18000,5760,2400,0,0,0,9375,7261.56,0,0,0,0,1,0,,0,11111295
HO,Fin,11111245,Jeddah,Finance,Muslim,Male,11/18/1990,Accountant,3,Saudi,28-Apr-12,Married,0,5000,60000,24000,13200,0,0,0,0,0,7000,2786.28,0,0,0,0,0,0,,0,11111295
ho,Fin,11111246,Khamis,Finance,Muslim,Male,3/1/1987,Data Entry,3,Saudi,17-Apr-12,Single,0,4250,51000,24000,13200,0,0,0,0,0,6250,2367.12,0,0,0,0,0,0,,0,11111295
ho,Fin,11111247,Dammam,Finance,Muslim,Male,10/6/1982,Senior Accountant,3,Egyptian,5-Mar-11,Married,2,6500,78000,19500,13200,5760,0,0,6000,0,8125,3304.2,0,0,0,0,1,0,,0,11111295
ho,Fin,11111248,Riyadh,Finance,Hindu,Male,5/31/1977,Senior Accountant,3,Indian,8-Sep-08,Married,1,6500,78000,19500,13200,0,0,0,0,0,8125,6558.84,0,0,0,0,2,0,,0,11111295
ho,Fin,11111249,Jeddah,Finance,Muslim,Male,11/25/1982,Accounting Supervisor,4,Egyptian,12-May-08,Married,2,8000,96000,24000,18000,0,2400,0,0,0,10000,6953.52,0,0,0,0,1,0,,0,11111295
ho,Fin,11111250,Riyadh,Finance,Muslim,Male,3/27/1982,Accounting Supervisor,4,Egyptian,1-Dec-07,Married,2,9500,114000,28500,18000,0,2400,0,0,0,11875,7261.68,0,0,0,0,2,0,,0,11111295
ho,Fin,11111251,Madina,Finance,Muslim,Male,9/17/1970,Accountant,3,Saudi,1-Dec-07,Married,1,6250,75000,24000,13200,6000,0,0,0,0,8250,6756.12,0,0,0,0,2,0,,0,11111295
ho,Fin,11111252,Riyadh,Finance,Muslim,Male,12/15/1983,Senior Accountant,3,Egyptian,12-Dec-09,Married,2,7500,90000,22500,13200,5760,0,0,0,0,9375,3476.76,0,0,0,0,1,0,,0,11111295
ho,Fin,11111253,Jeddah,Finance,Muslim,Male,5/24/1990,Accountant,3,Saudi,23-Aug-09,Single,0,5500,66000,24000,13200,7680,0,0,6000,0,7500,29009.52,0,0,0,0,0,0,,0,11111295
HO,Fin,11111254,Riyadh,Finance,Muslim,Male,1/1/1990,Senior Accountant,3,Egyptian,4-Oct-16,Single,0,6500,78000,19500,13200,5760,0,0,0,0,8125,0,0,0,0,0,0,0,,0,11111295
HO,Fin,11111255,Khamis,Finance,Muslim,Male,1/2/1986,Book Keeper,3,Saudi,4-May-16,Married,0,4250,51000,24000,13200,0,0,0,0,0,6250,0,0,0,0,0,0,0,,0,11111295
HO,Fin,11111256,Jeddah,Finance,Muslim,Male,2/28/1984,Accountant,3,Saudi,15-Jun-15,Single,0,5500,66000,24000,13200,6000,0,0,0,0,7500,0,0,0,0,0,0,0,,0,11111295
HO,Fin,11111257,Dammam,Finance,Muslim,Male,4/29/1989,Cashier,3,Saudi,26-Aug-15,Single,0,4500,54000,24000,13200,6000,0,0,0,0,6500,0,0,0,0,0,0,0,,0,11111295
ho,Fin,11111258,Dammam,Finance,Muslim,Male,10/11/1986,Data Entry,3,Saudi,10-Dec-14,Married,0,4250,51000,24000,13200,0,0,0,0,0,6250,0,0,0,0,0,0,0,,0,11111295
ho,Fin,11111259,Dammam,Finance,Muslim,Male,12/6/1986,Data Entry,3,Saudi,10-Dec-14,Single,0,4250,51000,24000,13200,0,0,0,0,0,6250,0,0,0,0,0,0,0,,0,11111295
ho,Fin,11111260,Riyadh,Finance,Muslim,Male,3/11/1986,Cashier,3,Saudi,26-Apr-15,Single,0,4500,54000,24000,13200,6000,0,0,0,0,6500,0,0,0,0,0,0,0,,0,11111295
HO,Fin,11111261,Riyadh,Finance,Muslim,Male,10/28/1990,Senior Accountant,3,Saudi,1-Oct-12,Married,4,6500,78000,24000,13200,0,0,0,0,0,8500,4043.88,0,0,0,0,0,0,,0,11111295
ho,Fin,11111262,Dammam,Finance,Muslim,Male,8/1/1986,Senior Accountant,3,Egyptian,24-Jun-13,Married,2,6500,78000,19500,13200,5760,0,0,0,0,8125,2983.56,0,0,0,0,1,0,,0,11111295
ho,Fin,11111263,Khamis,Finance,Muslim,Male,12/24/1988,Senior Accountant,3,Egyptian,24-Jun-13,Married,1,6500,78000,19500,13200,5760,0,0,6000,0,8125,2983.56,0,0,0,0,1,0,,0,11111295
ho,Fin,11111264,Jeddah,Finance,Muslim,Male,8/7/1987,Senior Accountant,3,Egyptian,24-Jun-13,Single,0,6500,78000,19500,13200,0,0,0,0,0,8125,2983.56,0,0,0,0,0,0,,0,11111295
ho,Fin,11111265,Jeddah,Finance,Muslim,Male,8/21/1988,Senior Accountant,3,Egyptian,2-Mar-14,Married,0,6500,78000,19500,13200,5760,0,0,0,0,8125,3575.28,0,0,0,0,0,0,,0,11111295
HO,Fin,11111266,Dammam,Finance,Muslim,Male,3/12/1991,Accountant,3,Saudi,1-Sep-22,Single,0,5750,69000,24000,13200,0,0,0,0,0,7750,0,0,0,0,0,0,0,,0,11111295
HO,Fin,11111267,Riyadh,Finance,Muslim,Male,5/10/1992,Accountant,3,Saudi,1-Mar-23,Married,0,5500,66000,24000,13200,0,0,0,0,0,7500,0,0,0,0,0,0,0,,0,11111295
HO,Fin,11111268,Khamis,Finance,Muslim,Male,11/16/1994,Accountant,3,Saudi,27-Nov-19,Single,0,6000,72000,18000,13200,6000,0,0,0,0,7500,0,0,0,0,0,0,0,,0,11111295
HO,Fin,11111269,Khamis,Finance,Muslim,Male,6/18/1989,Accountant,3,Egyptian,5-Mar-20,Single,0,5500,66000,16500,13200,5760,0,0,0,0,6875,0,0,0,0,0,0,0,,0,11111295
HO,Fin,11111270,Jeddah,Finance,Muslim,Male,8/28/1990,Senior Book Keeper,3,Saudi,15-Jul-20,Married,0,4500,54000,24000,13200,5760,0,0,0,0,6500,0,0,0,0,0,0,0,,0,11111295
HO,Fin,11111271,Jeddah,Finance,Muslim,Male,1/2/1985,Accountant,3,Jordanian,21-Jul-20,Married,0,5500,66000,16500,13200,0,0,0,0,0,6875,0,0,0,0,0,0,0,,0,11111295
HO,Fin,11111272,Jeddah,Finance,Muslim,Male,12/6/1994,Senior Book Keeper,3,Saudi,15-Jul-18,Single,0,4750,57000,15000,13200,0,0,0,0,0,6000,0,0,0,0,0,0,0,,0,11111295
HO,Fin,11111273,Jeddah,Finance,Muslim,Male,1/16/2003,Book Keeper,3,Saudi,28-Sep-25,Single,0,4750,57000,15000,13200,0,0,0,0,0,6000,0,0,0,0,0,0,0,,0,11111295
HO,Fin,11111274,Jeddah,Finance,Muslim,Male,2/6/2002,Book Keeper,3,Saudi,1-Jul-25,Single,0,4000,48000,15000,13200,0,0,0,0,0,5250,0,0,0,0,0,0,0,,0,11111295
HO,Fin,11111275,Jeddah,Finance,Muslim,Male,8/8/1999,Accountant,3,Egyptian,30-Apr-25,Single,0,5000,60000,15000,13200,0,0,0,0,0,6250,0,0,0,0,0,0,0,,0,11111295
ho,Fin,11111276,Riyadh,Finance,Muslim,Male,5/13/1980,Chief Accountant,5,Sudanese,29-Apr-10,Married,2,10500,126000,31500,24000,0,3000,0,0,0,13125,3378.12,0,0,0,0,1,0,,0,11111277
HO,Fin,11111277,Riyadh,Finance,Muslim,Male,10/19/1973,Financial Controller,6,Jordanian,1-Jun-16,Married,0,18000,216000,54000,36000,0,3000,0,0,0,22500,0,0,0,0,0,0,0,,0,11112252
ho,Fin,11111278,HO-Jeddah,Finance,Muslim,Male,10/9/1980,Accounting Supervisor,4,Egyptian,1-Jun-09,Married,3,9000,108000,27000,18000,0,2400,0,0,0,11250,6953.4,0,0,0,0,0,0,,0,11111276
HO,Fin,11111279,Riyadh,Finance,Muslim,Male,7/23/1988,Senior Accountant,3,Egyptian,11-Oct-16,Married,2,7475,89700,22416,13200,0,0,0,0,0,9343,0,0,0,0,0,0,0,,0,11111276
HO,Fin,11111280,Riyadh,Finance,Muslim,Male,12/22/1984,Senior Accountant,3,Egyptian,11-Oct-16,Single,0,6500,78000,21000,13200,0,0,0,6000,0,8250,0,0,0,0,0,0,0,,0,11111276
HO,Fin,11111281,Riyadh,Finance,Muslim,Male,10/25/1989,Accounting Supervisor,4,Egyptian,10-Nov-15,Married,0,8000,96000,24000,18000,0,2400,0,0,0,10000,0,0,0,0,0,0,0,,0,11112247
HO,Fin,11111282,HO-Jeddah,Finance,Muslim,Male,1/1/1991,Accounting Supervisor,4,Egyptian,10-Nov-15,Single,0,8000,96000,24000,18000,0,2400,0,6000,0,10000,0,0,0,0,0,0,0,,0,11111276
HO,Fin,11111283,Riyadh,Finance,Muslim,Male,6/9/2002,Accountant,3,Saudi,6-Sep-23,Single,0,5500,66000,16500,13200,0,0,0,0,0,6875,0,0,0,0,0,0,0,,0,11111276
ho,Fin,11111284,Riyadh,Finance,Muslim,Male,9/15/1998,Accountant,3,Saudi,2-Jun-24,Single,0,6500,78000,19500,13200,0,0,0,0,0,8125,0,0,0,0,0,0,0,,0,11112321
HO,Fin,11111285,Riyadh,Finance,Muslim,Male,7/23/1990,Accountant,3,Egyptian,27-Jun-20,Single,0,6000,72000,18000,13200,0,0,0,0,0,7500,0,0,0,0,0,0,0,,0,11112247
HO,Fin,11111286,Riyadh,Finance,Muslim,Male,4/19/1981,Accountant,3,Sudanese,7-Jul-19,Single,0,6000,72000,18000,13200,0,0,0,0,0,7500,0,0,0,0,0,0,0,,0,11111276
HO,Fin,11111287,Riyadh,Finance,Muslim,Male,5/19/1994,Accountant,3,Egyptian,28-Nov-19,Single,0,6000,72000,18000,13200,0,0,0,0,0,7500,0,0,0,0,0,0,0,,0,11111276
ho,Fin,11111288,Riyadh,Finance,Muslim,Male,1/4/1981,Accountant,3,Egyptian,28-Nov-19,Married,0,6000,72000,18000,13200,0,0,0,0,0,7500,0,0,0,0,0,0,0,,0,11112247
ho,Fin,11111289,Riyadh,Finance,Muslim,Male,6/26/1990,Senior Accountant,3,Egyptian,5-Dec-17,Single,0,6500,78000,21000,13200,0,0,0,0,0,8250,0,0,0,0,0,0,0,,0,11111276
HO,Fin,11111290,Riyadh,Finance,Muslim,Male,5/13/2002,Accountant,3,Saudi,21-Sep-25,Single,0,5500,66000,16500,13200,0,0,0,0,0,6875,0,0,0,0,0,0,0,,0,11111277
HO,Fin,11111291,Riyadh,Finance,Muslim,Male,6/1/2001,Accountant,3,Saudi,23-Apr-25,Single,0,5500,66000,15000,13200,0,0,0,0,0,6750,0,0,0,0,0,0,0,,0,11111276
HO,Fin,11111292,HO-Jeddah,Finance,Muslim,Male,7/25/1976,IT Support Lead,5,Palestine,1-Nov-03,Married,3,12250,147000,36750,24000,0,3000,0,0,0,15187.5,13188,0,0,0,0,4,0,,0,N-1
ho,Fin,11111293,HO-Jeddah,Finance,Muslim,Male,9/20/1983,Chief Accountant,5,Egyptian,26-Dec-09,Married,2,13500,162000,40500,24000,0,3000,0,0,0,16875,4314.96,0,0,0,0,0,0,,0,N-1
ho,Fin,11111294,HO-Jeddah,Finance,Muslim,Male,11/10/1986,Chief Accountant,5,Egyptian,15-Sep-14,Married,1,9750,117000,29244,24000,0,3000,0,0,0,12187,1339.68,0,0,0,0,0,0,,0,N-1
HO,Fin,11111295,HO-Jeddah,Finance,Muslim,Male,9/1/1982,Financial Controller,6,Egyptian,23-Dec-14,Married,3,18000,216000,54000,36000,0,3000,0,0,0,22500,0,0,0,0,0,0,0,,0,N-1
HO,Fin,11111296,HO-Jeddah,Finance,Muslim,Male,6/10/1991,Chief Accountant,5,Egyptian,10-Nov-15,Single,0,9000,108000,27000,24000,0,3000,0,0,0,11250,0,0,0,0,0,0,0,,0,N-1
ho,Fin,11111297,HO-Jeddah,Finance,Muslim,Male,1/13/1988,Senior Accountant,3,Saudi,14-May-12,Single,0,6500,78000,24000,13200,0,0,0,0,0,8500,2391.84,0,0,0,0,0,0,,0,11111293
ho,Fin,11111298,HO-Jeddah,Finance,Muslim,Male,3/12/1992,Accountant,3,Saudi,14-May-12,Single,0,6000,72000,24000,13200,0,0,0,0,0,8000,2712.36,0,0,0,0,0,0,,0,11111295
ho,Fin,11111299,HO-Jeddah,Finance,Muslim,Male,1/1/1981,Accounting Supervisor,4,Egyptian,25-May-09,Married,3,9750,117000,29256,18000,0,2400,0,0,0,12188,8630.16,0,0,0,0,1,0,,0,11111295
ho,Fin,11111300,HO-Jeddah,Finance,Muslim,Male,1/10/1982,Accounting Supervisor,4,Egyptian,6-Sep-09,Married,3,9750,117000,29250,18000,0,2400,0,0,0,12375.5,8054.76,0,0,0,0,3,0,,0,11111295
ho,Fin,11111301,HO-Jeddah,Finance,Muslim,Male,8/14/1986,Accounting Supervisor,4,Egyptian,6-Sep-09,Married,2,9500,114000,28500,18000,0,2400,0,0,0,11875,8054.76,0,0,0,0,0,0,,0,11111294
HO,Fin,11111302,HO-Jeddah,Finance,Muslim,Male,7/27/1990,Accountant,3,Saudi,21-Sep-16,Single,0,5500,66000,24000,13200,0,0,0,0,0,7500,0,0,0,0,0,0,0,,0,11111294
ho,Fin,11111303,HO-Jeddah,Finance,Muslim,Male,9/24/1987,Accounting Supervisor,4,Egyptian,21-Apr-16,Single,0,7250,87000,21744,18000,0,2400,0,0,0,9062,0,0,0,0,0,0,0,,0,11111295
HO,Fin,11111304,HO-Jeddah,Finance,Muslim,Male,7/15/1980,Senior Accountant,3,Yemeni,23-Jun-15,Married,2,7000,84000,21000,13200,0,0,0,0,0,8750,0,0,0,0,0,0,0,,0,11111295
ho,Fin,11111305,HO-Jeddah,Finance,Muslim,Male,1/1/1977,Senior Accountant,3,Yemeni,22-Jul-15,Married,1,7000,84000,21000,13200,0,0,0,0,0,9000,0,0,0,0,0,0,0,,0,11111295
ho,Fin,11111306,HO-Jeddah,Finance,Muslim,Male,4/30/1985,Senior Accountant,3,Saudi,6-Nov-12,Married,0,7000,84000,24000,13200,0,0,0,0,0,9000,3575.4,0,0,0,0,0,0,,0,11111293
HO,Fin,11111307,HO-Jeddah,Finance,Muslim,Male,9/12/1990,Senior Accountant,3,Saudi,3-Nov-12,Married,0,8250,99000,24744,13200,0,0,0,0,0,10312,15959.16,0,0,0,0,0,0,,0,11111296
ho,Fin,11111308,HO-Jeddah,Finance,Muslim,Male,6/10/1985,Accountant,3,Saudi,30-Jun-12,Single,0,6000,72000,24000,13200,0,0,0,0,0,8000,2391.84,0,0,0,0,0,0,,0,11111295
ho,Fin,11111309,HO-Jeddah,Finance,Muslim,Male,4/8/1985,Senior Accountant,3,Egyptian,5-Feb-14,Single,0,6500,78000,21000,13200,0,0,0,0,0,8250,2589,0,0,0,0,0,0,,0,11111295
HO,Fin,11111310,HO-Jeddah,Finance,Muslim,Male,1/30/1990,Senior Accountant,3,Saudi,30-Jun-14,Single,0,6500,78000,24000,13200,0,0,0,0,0,8500,3008.16,0,0,0,0,0,0,,0,11111295
HO,Fin,11111311,HO-Jeddah,Finance,Muslim,Female,11/18/1999,Accountant,3,Yemeni,22-Nov-22,Single,0,6000,72000,18000,13200,0,0,0,0,0,7500,0,0,0,0,0,0,0,,0,11111295
HO,Fin,11111312,HO-Jeddah,Finance,Muslim,Female,9/20/1987,Accountant,3,Saudi,1-Dec-22,Single,0,5500,66000,16500,13200,0,0,0,0,0,6875,0,0,0,0,0,0,0,,0,11111295
HO,Fin,11111313,HO-Jeddah,Finance,Muslim,Male,4/27/1998,Accountant,3,Palestine,31-May-23,Single,0,5000,60000,15000,13200,0,0,0,0,0,6250,0,0,0,0,0,0,0,,0,11111293
HO,Fin,11111314,HO-Jeddah,Finance,Muslim,Male,6/14/2001,Accountant,3,Egyptian,9-May-24,Single,0,5000,60000,15000,13200,0,0,0,0,0,6250,0,0,0,0,0,0,0,,0,11111294
ho,Fin,11111315,HO-Jeddah,Finance,Muslim,Male,8/23/1993,Accountant,3,Lebanese,10-Jul-24,Single,0,5000,60000,15000,13200,0,0,0,0,0,6250,0,0,0,0,0,0,0,,0,11111294
HO,Fin,11111316,HO-Jeddah,Finance,Muslim,Female,11/22/1990,Accountant,3,Saudi,26-Sep-21,Single,0,5000,60000,15000,13200,0,0,0,0,0,6250,0,0,0,0,0,0,0,,0,11111295
HO,Fin,11111317,HO-Jeddah,Finance,Muslim,Male,5/16/1998,Accountant,3,Saudi,5-Jul-21,Single,0,6000,72000,24000,13200,0,0,0,0,0,8000,0,0,0,0,0,0,0,,0,11111295
HO,Fin,11111318,HO-Jeddah,Finance,Muslim,Female,1/13/1993,Senior Accountant,3,Saudi,11-Jul-21,Single,0,6500,78000,21000,13200,0,0,0,0,0,8250,0,0,0,0,0,0,0,,0,11111293
HO,Fin,11111319,HO-Jeddah,Finance,Muslim,Male,2/10/1989,Accountant,3,Saudi,14-Oct-20,Married,0,5500,66000,24000,13200,0,0,0,0,0,7500,0,0,0,0,0,0,0,,0,11111294
HO,Fin,11111320,HO-Jeddah,Finance,Muslim,Female,1/9/1997,Senior Accountant,3,Egyptian,9-Jan-20,Single,0,6500,78000,21000,13200,0,0,0,0,0,8250,0,0,0,0,0,0,0,,0,11111294
HO,Fin,11111321,HO-Jeddah,Finance,Muslim,Male,12/7/1989,Accounting Supervisor,4,Egyptian,3-Jun-20,Married,0,7250,87000,21744,18000,0,2400,0,6000,0,9062,0,0,0,0,0,0,0,,0,11111295
ho,Fin,11111322,HO-Jeddah,Finance,Muslim,Male,5/13/1988,Accountant,3,Egyptian,16-Jun-20,Married,0,5500,66000,16500,13200,0,0,0,0,0,6875,0,0,0,0,0,0,0,,0,11111293
HO,Fin,11111323,HO-Jeddah,Finance,Muslim,Female,10/25/1997,Senior Accountant,3,Saudi,1-Oct-19,Single,0,6750,81000,21000,13200,0,0,0,0,0,8500,0,0,0,0,0,0,0,,0,11111296
HO,Fin,11111324,HO-Jeddah,Finance,Muslim,Male,7/17/1986,Accounting Supervisor,4,Egyptian,8-Jan-17,Married,2,7500,90000,22500,18000,0,2400,0,0,0,9375,0,0,0,0,0,0,0,,0,11111293
ho,Fin,11111325,HO-Jeddah,Finance,Muslim,Male,10/17/1991,Senior Accountant,3,Yemeni,1-Feb-17,Married,2,6500,78000,24000,13200,0,0,0,0,0,8500,0,0,0,0,0,0,0,,0,11111295
HO,Fin,11111326,HO-Jeddah,Finance,Muslim,Female,12/15/1992,Accountant,3,Saudi,3-May-15,Single,0,5000,60000,15000,13200,0,0,0,0,0,6250,0,0,0,0,0,0,0,,0,11111293
HO,Fin,11111327,HO-Jeddah,Finance,Muslim,Male,4/26/1989,Accountant,3,Egyptian,11-Jun-25,Married,0,5000,60000,15000,13200,0,0,0,0,0,6250,0,0,0,0,0,0,0,,0,11111294
HO,Fin,11111328,HO-Jeddah,Finance,Muslim,Female,8/10/2001,Accountant,3,Saudi,2-Mar-25,Single,0,5500,66000,16500,13200,0,0,0,0,0,6875,0,0,0,0,0,0,0,,0,11111295
HO,Fin,11111329,HO-Jeddah,Finance,Muslim,Male,12/10/1988,Messenger,1,Egyptian,15-Oct-20,Single,0,4000,48000,12000,6000,7680,1200,0,6000,0,5000,0,0,0,0,0,0,0,,0,11111295
HO,Scientific,11111330,Riyadh,Leadership,Muslim,Male,12/31/1981,Governmental Business Manager,6,Saudi,15-Oct-24,Married,0,24000,288000,72000,36000,9600,3000,0,0,0,30000,0,0,0,0,0,0,0,,0,N-1
ho,Scientific,11111331,Jeddah,Supply Chain,Muslim,Male,11/20/1983,Warehouse Manager,5,Egyptian,25-Dec-10,Married,2,13000,156000,39000,24000,11520,3000,0,0,0,16250,4273.92,0,0,0,0,2,0,,0,11111332
ho,Scientific,11111332,HO-Jeddah,Supply Chain,Muslim,Male,11/1/1973,Supply Chain Manager,6,Egyptian,10-Mar-13,Married,2,23250,279000,69756,36000,9600,3000,0,0,0,29063,4684.92,0,0,0,0,3,0,,0,N-1
HO,Scientific,11111333,Riyadh,Supply Chain,Muslim,Male,10/21/1987,District Sales Manager,5,Palestine,3-Apr-18,Single,0,10000,120000,30000,24000,6000,3000,0,0,0,10937,0,0,0,0,0,0,0,,0,11111332
ho,Scientific,11111334,Jeddah,Sales,Muslim,Male,12/27/1981,Governmental Relations Manager,5,Egyptian,1-Mar-10,Married,2,10500,126000,31500,24000,9600,3000,0,0,0,13125,2712.24,0,0,0,0,0,0,,0,11111330
HO,Scientific,11111335,Riyadh,Regulatory Affairs,Muslim,Male,5/27/1979,Registration Manager,6,Saudi,7-Jan-12,Single,0,15500,186000,46500,36000,11520,3000,0,0,0,19375,4931.52,0,0,0,0,0,0,,0,N-1
HO,Scientific,11111336,HO-Jeddah,Sales,Muslim,Male,11/11/1983,Business Unit Manager,6,Jordanian,16-Sep-13,Married,3,23000,276000,69000,36000,9600,3000,0,0,0,28750,10541.04,0,0,0,0,4,0,,0,N-1
ho,Scientific,11111337,Jeddah,Sales,Muslim,Male,8/8/1984,Governmental Business Supervisor,4,Saudi,23-Jan-07,Married,1,7300,87600,24000,18000,9600,2400,0,0,0,9300,7890.48,0,0,0,0,2,0,,0,11111330
ho,Scientific,11111338,Dammam,Supply Chain,Muslim,Male,3/7/1979,Assistant Store Keeper,3,Bangladesh,16-Jul-05,Single,0,5250,63000,15756,13200,0,0,0,0,0,6563,4241.16,0,0,0,0,0,0,,0,11111331
ho,Scientific,11111339,HO-Jeddah,Sales,Muslim,Male,1/10/1984,Accounting Supervisor,4,Egyptian,19-Nov-06,Married,0,9500,114000,28500,18000,0,2400,0,0,0,11875,6953.4,0,0,0,0,0,0,,0,11111336
ho,Scientific,11111340,Khamis,Sales,Muslim,Male,10/20/1985,Governmental Business Supervisor,4,Egyptian,10-Oct-11,Married,2,6300,75600,18900,18000,14400,2400,0,0,0,7875,2589.12,0,0,0,0,0,0,,0,11111330
ho,Scientific,11111341,Dammam,Sales,Muslim,Male,6/20/1981,Governmental Business Representative,3,Egyptian,20-Apr-09,Married,2,5900,70800,17700,13200,7680,1800,0,0,0,7375,3821.88,0,0,0,0,0,0,,0,11111330
ho,Scientific,11111342,Madina,Sales,Muslim,Male,3/2/1975,Sales Supervisor,4,Egyptian,17-Feb-09,Married,4,8250,99000,24756,18000,9600,2400,0,0,0,10313,7150.68,0,0,0,0,3,0,,0,11111332
ho,Scientific,11111343,Jeddah,Supply Chain,Muslim,Male,3/10/1975,Store Keeper,3,Pakistani,21-Nov-07,Married,2,5550,66600,16656,13200,0,0,0,0,0,6938,6262.92,0,0,0,0,1,0,,0,11111331
ho,Scientific,11111344,Riyadh,Sales,Muslim,Male,1/28/1984,Governmental Business Supervisor,4,Saudi,15-Feb-10,Single,0,7300,87600,24000,18000,9600,2400,0,0,0,9300,3205.44,0,0,0,0,0,0,,0,11111330
HO,Scientific,11111345,Riyadh,Sales,Muslim,Male,3/21/1990,Governmental Business Supervisor,4,Egyptian,11-Oct-16,Married,0,9000,108000,27000,18000,7680,2400,0,0,0,11250,0,0,0,0,0,0,0,,0,11111330
ho,Scientific,11111346,Jeddah,Sales,Muslim,Male,6/30/1995,Governmental Business Representative,3,Saudi,1-Nov-16,Single,0,6000,72000,18000,13200,7680,1800,0,0,0,7500,0,0,0,0,0,0,0,,0,11111330
HO,Scientific,11111347,Jeddah,Supply Chain,Muslim,Male,10/23/1983,Store Keeper,3,Egyptian,9-Oct-16,Single,0,5150,61800,15456,13200,0,0,0,0,0,6438,0,0,0,0,0,0,0,,0,11111331
ho,Scientific,11111348,Jeddah,Sales,Muslim,Male,6/27/1988,Sales Representative,3,Egyptian,27-Jun-16,Single,0,4500,54000,15000,18000,9600,1800,0,0,0,5750,0,0,0,0,0,0,0,,0,11111479
HO,Scientific,11111349,Jeddah,Sales,Muslim,Male,8/8/1988,Governmental Business Representative,3,Saudi,17-Jul-16,Single,0,5700,68400,24000,13200,7680,1800,0,0,0,7700,0,0,0,0,0,0,0,,0,11111330
HO,Scientific,11111350,Dammam,Sales,Muslim,Male,3/31/1984,Governmental Business Representative,3,Saudi,17-Jul-16,Single,0,5800,69600,24000,13200,7680,1800,0,0,0,7800,0,0,0,0,0,0,0,,0,11111330
HO,Scientific,11111351,Madina,Sales,Muslim,Male,1/4/1989,Governmental Business Representative,3,Palestine,17-Jul-16,Married,5,6000,72000,24000,13200,7680,1800,0,0,0,8000,0,0,0,0,0,0,0,,0,11111330
HO,Scientific,11111352,Madina,Sales,Muslim,Male,12/28/1988,Sales Representative,3,Egyptian,23-Aug-16,Single,0,4500,54000,15000,18000,9600,1800,0,0,0,5750,0,0,0,0,0,0,0,,0,11111342
ho,Scientific,11111353,Riyadh,Sales,Muslim,Male,5/2/1993,Governmental Business Representative,3,Saudi,2-Aug-15,Single,0,5000,60000,15000,13200,7680,1800,0,0,0,6250,0,0,0,0,0,0,0,,0,11111330
HO,Scientific,11111354,Riyadh,Sales,Muslim,Male,4/14/1988,Sales Representative,3,Egyptian,24-Dec-15,Married,2,4500,54000,15000,18000,9600,1800,0,0,0,5750,0,0,0,0,0,0,0,,0,11111333
HO,Scientific,11111355,HO-Jeddah,Supply Chain,Muslim,Male,1/1/1988,Clearance Officer,3,Yemeni,23-Nov-14,Single,0,6250,75000,18756,13200,5760,1800,0,0,0,7813,0,0,0,0,0,0,0,,0,11111332
HO,Scientific,11111356,HO-Jeddah,Supply Chain,Muslim,Male,1/1/1972,Supply Chain Supervisor,4,Indian,15-May-15,Married,3,11000,132000,33000,18000,0,2400,0,0,0,13750,0,0,0,0,0,0,0,,0,11111332
ho,Scientific,11111357,Madina,Maintenance,Muslim,Male,3/2/1976,Maintenance Engineer,4,Egyptian,8-Mar-14,Married,3,6500,78000,19500,18000,9600,2400,0,0,0,8125,3698.64,0,0,0,0,0,0,,0,11111432
ho,Scientific,11111358,Riyadh,Supply Chain,Muslim,Male,4/11/1986,Regulatory Affairs Supervisor,4,Yemeni,17-Nov-13,Married,1,8700,104400,26100,18000,7680,2400,0,0,0,10875,2465.76,0,0,0,0,0,0,,0,11111335
ho,Scientific,11111359,Riyadh,Supply Chain,Muslim,Male,7/10/1983,Assistant Store Keeper,3,Bangladesh,1-Jan-14,Single,0,4000,48000,12000,13200,0,0,0,0,0,5000,2136.72,0,0,0,0,0,0,,0,11111331
ho,Scientific,11111360,Riyadh,Sales,Muslim,Male,7/1/1988,Sales Supervisor,4,Palestine,6-Apr-14,Married,1,7000,84000,21000,18000,9600,2400,0,0,0,8750,2589.12,0,0,0,0,0,0,,0,11111433
HO,Scientific,11111361,Madina,Sales,Muslim,Male,2/29/1988,Governmental Business Supervisor,4,Saudi,21-May-14,Single,0,7800,93600,24000,18000,7680,2400,0,0,0,9800,2391.72,0,0,0,0,0,0,,0,11111330
HO,Scientific,11111362,Dammam,Sales,Muslim,Male,11/25/1989,Sales Representative,3,Egyptian,19-Jun-14,Single,0,4500,54000,15000,18000,9600,1800,0,0,0,5750,2589.12,0,0,0,0,0,0,,0,11111472
HO,Scientific,11111363,Riyadh,Sales,Muslim,Male,1/4/1993,Governmental Business Representative,3,Saudi,19-Sep-22,Single,0,5400,64800,24000,13200,7680,1800,0,0,0,7400,0,0,0,0,0,0,0,,0,11111330
ho,Scientific,11111364,Jeddah,Sales,Muslim,Male,1/15/1992,Governmental Business Representative,3,Saudi,21-Nov-21,Married,0,5300,63600,24000,13200,7680,1800,0,0,0,7300,0,0,0,0,0,0,0,,0,11111330
HO,Scientific,11111365,Khamis,Sales,Muslim,Male,7/31/1998,Governmental Business Representative,3,Saudi,19-Dec-21,Single,0,5000,60000,15000,13200,7680,1800,0,0,0,6250,0,0,0,0,0,0,0,,0,11111330
HO,Scientific,11111366,Riyadh,Sales,Muslim,Male,6/26/1996,Governmental Business Representative,3,Saudi,7-Mar-21,Married,0,5000,60000,24000,13200,7680,1800,0,0,0,7000,0,0,0,0,0,0,0,,0,11111330
HO,Scientific,11111367,Madina,Sales,Muslim,Male,5/24/1989,Governmental Business Representative,3,Saudi,1-Sep-19,Single,0,5300,63600,24000,13200,7680,1800,0,0,0,7300,0,0,0,0,0,0,0,,0,11111330
HO,Scientific,11111368,Riyadh,Sales,Muslim,Male,9/2/1993,Regulatory Affairs Supervisor,4,Saudi,1-Aug-18,Single,0,8200,98400,24600,18000,7680,2400,0,0,0,10250,0,0,0,0,0,0,0,,0,11111335
ho,Scientific,11111369,Khamis,Sales,Muslim,Male,6/7/1982,Governmental Business Representative,3,Saudi,15-Oct-17,Single,0,5300,63600,24000,13200,14400,1800,0,0,0,7300,0,0,0,0,0,0,0,,0,11111330
ho,Scientific,11111370,Jeddah,Supply Chain,Muslim,Male,1/3/1981,Clearance Officer,3,Saudi,1-Apr-17,Married,0,7500,90000,24000,13200,5400,1800,0,0,0,9500,0,0,0,0,0,0,0,,0,11111332
ho,Scientific,11111371,Riyadh,Sales,Muslim,Male,9/3/1993,Governmental Business Supervisor,4,Egyptian,12-Apr-17,Married,2,6800,81600,20400,18000,7680,2400,0,0,0,8500,0,0,0,0,0,0,0,,0,11111330
HO,Scientific,11111372,HO-Jeddah,Supply Chain,Muslim,Female,8/26/1994,Stock Analyst,3,Saudi,1-Nov-17,Single,0,7750,93000,23256,13200,6000,0,0,0,0,9688,0,0,0,0,0,0,0,,0,11111332
HO,Scientific,11111373,Jeddah,Supply Chain,Muslim,Male,3/2/1992,Store Keeper,3,Saudi,20-Mar-18,Single,0,6500,78000,19500,13200,0,0,0,0,0,8125,0,0,0,0,0,0,0,,0,11111331
HO,Scientific,11111374,Jeddah,Supply Chain,Muslim,Male,11/5/1997,Stock Analyst,3,Saudi,18-Sep-22,Single,0,5900,70800,24000,13200,6000,0,0,0,0,7900,0,0,0,0,0,0,0,,0,11111332
HO,Scientific,11111375,Dammam,Sales,Muslim,Male,3/3/1998,Governmental Business Representative,3,Saudi,26-Sep-22,Married,0,5000,60000,24000,13200,7680,1800,0,0,0,7000,0,0,0,0,0,0,0,,0,11111330
HO,Scientific,11111376,Riyadh,Sales,Muslim,Male,6/21/1993,Sales Representative,3,Palestine,16-Jan-23,Single,0,7000,84000,21000,18000,9600,1800,0,0,0,8750,0,0,0,0,0,0,0,,0,11111336
HO,Scientific,11111377,Jeddah,Sales,Muslim,Male,7/2/1975,Product Specialist,3,Saudi,8-May-22,Married,0,6200,74400,24000,18000,9600,0,0,0,0,8200,0,0,0,0,0,0,0,,0,11111336
HO,Scientific,11111378,Jeddah,Supply Chain,Muslim,Female,11/8/1987,Stock control supervisor,4,Saudi,12-Dec-16,Single,0,7000,84000,21000,18000,6000,2400,0,0,0,8750,0,0,0,0,0,0,0,,0,11111332
HO,Scientific,11111379,HO-Jeddah,Sales,Muslim,Male,10/3/2000,Governmental Business Representative,3,Saudi,20-Mar-23,Single,0,4700,56400,15000,13200,7680,1800,0,0,0,5950,0,0,0,0,0,0,0,,0,11111330
HO,Scientific,11111380,Jeddah,Sales,Muslim,Male,9/25/1981,Sales Support,3,Saudi,1-Sep-24,Married,0,4500,54000,24000,18000,9600,0,0,0,0,6500,0,0,0,0,0,0,0,,0,11111458
HO,Scientific,11111381,Jeddah,Supply Chain,Muslim,Male,2/25/1998,QA Supervisor,4,Saudi,22-Sep-24,Single,0,6000,72000,18000,18000,0,2400,0,0,0,7500,0,0,0,0,0,0,0,,0,11111331
HO,Scientific,11111382,Jeddah,Supply Chain,Muslim,Female,7/7/1998,Data Entry,3,Saudi,2-Mar-25,Single,0,4000,48000,15000,13200,0,0,0,0,0,5250,0,0,0,0,0,0,0,,0,11111443
HO,Scientific,11111383,Riyadh,Sales,Muslim,Male,11/25/1996,Governmental Business Representative,3,Saudi,1-Aug-23,Single,0,4700,56400,24000,13200,7680,1800,0,0,0,6700,0,0,0,0,0,0,0,,0,11111330
HO,Scientific,11111384,Riyadh,Sales,Muslim,Male,2/1/2001,Governmental Business Representative,3,Saudi,1-Aug-23,Single,0,4700,56400,15000,13200,7680,1800,0,0,0,5950,0,0,0,0,0,0,0,,0,11111330
HO,Scientific,11111385,Dammam,Sales,Muslim,Male,1/1/1996,Sales Representative,3,Palestine,5-Oct-23,Single,0,6200,74400,18600,18000,9600,1800,0,0,0,7925,0,0,0,0,0,0,0,,0,11111336
HO,Scientific,11111386,Riyadh,Supply Chain,Muslim,Male,1/1/1983,Store Keeper,3,Egyptian,15-Oct-23,Single,0,4050,48600,12156,13200,0,0,0,0,0,5063,0,0,0,0,0,0,0,,0,11111331
HO,Scientific,11111387,Khamis,Sales,Muslim,Male,10/1/1990,Product Specialist,3,Egyptian,13-Apr-25,Married,0,7500,90000,22500,18000,9600,0,0,0,0,9375,0,0,0,0,0,0,0,,0,11111433
HO,Scientific,11111388,Jeddah,Supply Chain,Muslim,Male,2/2/1989,Data Entry,3,Saudi,20-Apr-25,Married,0,4000,48000,24000,13200,0,0,0,0,0,6000,0,0,0,0,0,0,0,,0,11111331
HO,Scientific,11111389,Riyadh,Sales,Muslim,Female,7/24/2000,Government Financial Analyst,3,Saudi,4-May-25,Single,0,4500,54000,15000,13200,0,0,0,0,0,5750,0,0,0,0,0,0,0,,0,11111330
HO,Scientific,11111390,Jeddah,Sales,Muslim,Male,11/29/1996,Government Operations Coordinator,3,Saudi,25-May-25,Single,0,4500,54000,15000,13200,9600,0,0,0,0,5750,0,0,0,0,0,0,0,,0,11111330
HO,Scientific,11111391,Dammam,Marketing,Muslim,Female,1/30/1997,Product Specialist,3,Saudi,29-Jun-25,Single,0,6000,72000,18000,18000,9600,1800,0,0,0,7500,0,0,0,0,0,0,0,,0,11111456
HO,Scientific,11111392,Jeddah,Supply Chain,Muslim,Male,1/10/1988,Store Keeper,3,Saudi,1-Jul-25,Single,0,5500,66000,24000,13200,0,0,0,0,0,7500,0,0,0,0,0,0,0,,0,11111331
HO,Scientific,11111393,Jeddah,Supply Chain,Muslim,Male,7/27/1995,QA Specialist,3,Saudi,1-Sep-25,Single,0,5500,66000,16500,13200,0,1800,0,0,0,6875,0,0,0,0,0,0,0,,0,11111381
HO,Scientific,11111394,Jeddah,Sales,Muslim,Female,12/16/1986,Sales Support,3,Saudi,13-Jul-25,Single,0,4500,54000,15000,18000,9600,0,0,0,0,5750,0,0,0,0,0,0,0,,0,11111458
HO,Scientific,11111395,Madina,Sales,Muslim,Male,10/19/1999,Maintenance Engineer,4,Saudi,1-Oct-25,Single,0,6500,78000,19500,18000,9600,1800,0,0,0,8125,0,0,0,0,0,0,0,,0,11111336
HO,Scientific,11111396,Riyadh,Sales,Muslim,Male,9/29/1996,Governmental Business Representative,3,Saudi,11-Jun-25,Single,0,4500,54000,15000,13200,7680,1800,0,0,0,5750,0,0,0,0,0,0,0,,0,11111330
HO,Scientific,11111397,Jeddah,Leadership,Muslim,Male,9/25/1979,Messenger,1,Yemeni,29-May-16,Married,4,3000,36000,9000,0,8400,1200,0,0,0,3750,0,0,0,0,0,0,0,,0,N-1
ho,Scientific,11111398,Riyadh,Supply Chain,Muslim,Male,2/4/2003,Labor,1,Bangladesh,20-Mar-24,Single,0,1500,18000,0,0,0,0,0,3600,0,1500,0,0,0,0,0,0,0,,0,11111441
ho,Scientific,11111399,Jeddah,Supply Chain,Muslim,Male,11/9/1985,Picker,1,Egyptian,24-Mar-24,Married,0,2250,27000,6744,6000,0,0,0,6000,0,2812,0,0,0,0,0,0,0,,0,11111373
HO,Scientific,11111400,Jeddah,Supply Chain,Muslim,Male,5/1/2001,Labor,1,Egyptian,26-Aug-24,Single,0,1750,21000,3600,6000,0,0,0,3600,0,2050,0,0,0,0,0,0,0,,0,11111373
HO,Scientific,11111401,Jeddah,Supply Chain,Muslim,Male,1/18/2005,Labor,1,Yemeni,27-Jul-23,Single,0,1900,22800,5700,6000,0,0,0,3600,0,2375,0,0,0,0,0,0,0,,0,11111347
HO,Scientific,11111402,Jeddah,Supply Chain,Muslim,Male,12/26/1992,Picker,1,Yemeni,13-Jun-23,Single,0,2650,31800,7956,6000,0,0,0,6000,0,3313,0,0,0,0,0,0,0,,0,11111373
HO,Scientific,11111403,Riyadh,Supply Chain,Muslim,Male,4/23/1986,Labor,1,Ethiopian,11-Jun-23,Single,0,1750,21000,3600,6000,0,0,0,3600,0,1750,0,0,0,0,0,0,0,,0,11111386
HO,Scientific,11111404,Riyadh,Supply Chain,Muslim,Male,4/15/1997,Labor,1,Pakistani,16-Aug-23,Single,0,1750,21000,0,0,0,0,0,3600,0,1750,0,0,0,0,0,0,0,,0,11111331
HO,Scientific,11111405,Riyadh,Supply Chain,Muslim,Male,7/15/1994,Picker,1,Egyptian,19-Mar-25,Single,0,2250,27000,0,0,0,0,0,6000,0,2250,0,0,0,0,0,0,0,,0,11111331
HO,Scientific,11111406,Jeddah,Supply Chain,Muslim,Male,4/13/2001,Labor,1,Bangladesh,16-Mar-25,Single,0,1500,18000,0,0,0,0,0,3600,0,1500,0,0,0,0,0,0,0,,0,11111331
HO,Scientific,11111407,Jeddah,Supply Chain,Muslim,Male,11/21/1979,Driver,2,Yemeni,1-Feb-23,Single,0,3600,43200,10800,7200,0,0,0,0,0,4500,0,0,0,0,0,0,0,,0,11111431
HO,Scientific,11111408,Riyadh,Supply Chain,Muslim,Male,11/24/1996,Driver,2,Egyptian,14-Oct-20,Single,0,3600,43200,10800,0,0,0,0,0,0,4500,0,0,0,0,0,0,0,,0,11111333
ho,Scientific,11111409,Madina,Supply Chain,Muslim,Male,3/6/1983,Driver,2,Saudi,20-Nov-16,Single,0,3600,43200,24000,0,0,0,0,0,0,5600,0,0,0,0,0,0,0,,0,11111342
HO,Scientific,11111410,Riyadh,Facility,Muslim,Male,1/1/1975,Cleaner,1,Bangladesh,22-Aug-15,Single,0,1400,16800,4800,6000,0,0,0,0,0,1800,0,0,0,0,0,0,0,,0,11112405
HO,Scientific,11111411,Dammam,Sales,Muslim,Male,3/1/1989,Driver,2,Egyptian,1-Jun-14,Single,0,3600,43200,10800,0,0,0,0,0,0,4500,1386.72,0,0,0,0,0,0,,0,11111472
ho,Scientific,11111412,Jeddah,Supply Chain,Muslim,Male,3/12/1980,Picker,1,Ethiopian,17-Feb-14,Single,0,2500,30000,7500,6000,0,0,0,6000,0,3125,863.04,0,0,0,0,0,0,,0,11111373
ho,Scientific,11111413,Jeddah,Supply Chain,Muslim,Male,7/1/1970,Driver,2,Sudanese,1-May-12,Single,0,3600,43200,10800,0,0,0,0,0,0,4500,1664.4,0,0,0,0,0,0,,0,11111431
ho,Scientific,11111414,Riyadh,Supply Chain,Muslim,Male,10/1/1986,Driver,2,Egyptian,1-Apr-13,Married,0,3600,43200,10800,0,0,0,0,0,0,4500,1386.84,0,0,0,0,0,0,,0,11111333
HO,Scientific,11111415,Dammam,Supply Chain,Muslim,Male,3/1/1985,Labor,1,Bangladesh,26-Apr-18,Single,0,1900,22800,5700,6000,0,0,0,3600,0,2375,0,0,0,0,0,0,0,,0,11111338
HO,Scientific,11111416,Jeddah,Supply Chain,Muslim,Male,8/1/1985,Picker,1,Pakistani,1-Aug-17,Single,0,2500,30000,7500,6000,0,0,0,6000,0,3125,0,0,0,0,0,0,0,,0,11111347
HO,Scientific,11111417,HO-Jeddah,Facility,Muslim,Male,6/11/2001,Safety and Support Specialist,2,Saudi,2-Dec-18,Single,0,3000,36000,15000,9000,0,0,0,0,0,4250,0,0,0,0,0,0,0,,0,11112407
HO,Scientific,11111418,Riyadh,Supply Chain,Muslim,Male,8/14/1993,Driver,2,Egyptian,15-Nov-18,Single,0,3600,43200,10800,0,0,0,0,0,0,4500,0,0,0,0,0,0,0,,0,11111333
ho,Scientific,11111419,Riyadh,Supply Chain,Muslim,Male,3/2/1993,Labor,1,Bangladesh,28-Nov-19,Single,0,1900,22800,0,0,0,0,0,3600,0,1900,0,0,0,0,0,0,0,,0,11111441
HO,Scientific,11111420,Jeddah,Supply Chain,Muslim,Male,1/1/1994,Labor,1,Bangladesh,22-Oct-19,Single,0,1900,22800,0,0,0,0,0,3600,0,1900,0,0,0,0,0,0,0,,0,11111343
HO,Scientific,11111421,Jeddah,Facility,Muslim,Male,11/30/1989,Safety and Support Specialist,2,Saudi,18-Jun-19,Single,0,3000,36000,15000,9000,0,0,0,0,0,4250,0,0,0,0,0,0,0,,0,11112407
HO,Scientific,11111422,Jeddah,Facility,Muslim,Male,8/14/1995,Safety and Support Specialist,2,Saudi,20-Jun-19,Single,0,3000,36000,12000,9000,0,0,0,0,0,4000,0,0,0,0,0,0,0,,0,11112407
HO,Scientific,11111423,Bahra Warehouse,Facility,Muslim,Male,6/1/1988,Safety and Support Specialist,2,Saudi,13-Jun-19,Single,0,3000,36000,24000,9000,0,0,0,0,0,5000,0,0,0,0,0,0,0,,0,11112407
HO,Scientific,11111424,Riyadh,Supply Chain,Muslim,Male,7/6/1989,Picker,1,Bangladesh,3-Nov-20,Single,0,2500,30000,0,6000,0,0,0,6000,0,2500,0,0,0,0,0,0,0,,0,11111331
ho,Scientific,11111425,Jeddah,Supply Chain,Muslim,Male,4/20/1993,Labor,1,Bangladesh,27-Nov-19,Single,0,1900,22800,0,0,0,0,0,3600,0,1900,0,0,0,0,0,0,0,,0,11111373
HO,Scientific,11111426,Jeddah,Facility,Muslim,Male,4/3/1989,Safety and Support Specialist,2,Saudi,15-Dec-20,Married,0,3000,36000,12000,9000,0,0,0,0,0,4000,0,0,0,0,0,0,0,,0,11112407
HO,Scientific,11111427,Jeddah,Supply Chain,Muslim,Male,2/20/1989,Labor,1,Bangladesh,29-Nov-20,Single,0,1850,22200,0,0,0,0,0,3600,0,1850,0,0,0,0,0,0,0,,0,11111347
HO,Scientific,11111428,Dammam,Sales,Muslim,Male,10/1/1999,Driver,2,Egyptian,22-Dec-21,Single,0,3600,43200,10800,0,0,0,0,0,0,4500,0,0,0,0,0,0,0,,0,11111472
HO,Scientific,11111429,Khamis,Supply Chain,Muslim,Male,10/26/1990,Driver,2,Saudi,1-Jun-22,Single,0,3600,43200,15000,0,0,0,0,0,0,4850,0,0,0,0,0,0,0,,0,11111431
HO,Scientific,11111430,Jeddah,Supply Chain,Muslim,Male,1/13/1979,Driver,2,Saudi,13-Sep-22,Single,0,3600,43200,10800,7200,0,0,0,0,0,4500,0,0,0,0,0,0,0,,0,11111431
ho,Scientific,11111431,Jeddah,Marketing,Muslim,Male,1/1/1973,Key Account Manager,5,Egyptian,8-Mar-17,Married,2,14000,168000,42000,24000,9600,3000,0,0,0,17500,0,0,0,0,0,0,0,,0,11111332
ho,Scientific,11111432,Jeddah,Maintenance,Muslim,Male,6/18/1988,Maintenance Manager,6,Egyptian,1-Jan-13,Married,2,14750,177000,44256,36000,9600,3000,0,0,0,18438,3698.64,0,0,0,0,0,0,,0,11111460
ho,Scientific,11111433,Jeddah,Marketing,Muslim,Male,10/8/1988,National Sales Manager,6,Palestine,2-Mar-13,Married,2,13500,162000,40500,36000,9600,3000,0,0,0,16875,3698.64,0,0,0,0,0,0,,0,N-1
ho,Scientific,11111434,Jeddah,Marketing,Muslim,Male,1/28/1978,Tender Supervisor,4,Palestine,3-Jul-11,Married,2,7800,93600,23400,18000,9600,2400,0,0,0,9750,2958.96,0,0,0,0,2,0,,0,11111330
ho,Scientific,11111435,Dammam,Maintenance,Muslim,Male,10/1/1978,Maintenance Engineer,4,Egyptian,8-Oct-11,Married,2,6000,72000,18000,18000,9600,2400,0,0,0,7500,2712.36,0,0,0,0,0,0,,0,11111432
ho,Scientific,11111436,Jeddah,Marketing,Muslim,Male,4/24/1987,Product Specialist,3,Egyptian,23-Oct-11,Married,3,6800,81600,20400,18000,9600,0,0,0,0,8500,2958.84,0,0,0,0,0,0,,0,11111433
ho,Scientific,11111437,HO-Jeddah,Leadership,Muslim,Male,1/24/1978,Services Supervisor,4,Egyptian,17-Feb-09,Married,2,9400,112800,28200,18000,4800,2400,0,0,0,11750,7767.12,0,0,0,0,3,0,,0,N-1
HO,Scientific,11111438,Riyadh,Maintenance,Muslim,Male,10/29/1990,Maintenance Engineer,4,Indian,4-Feb-16,Married,0,6750,81000,20256,18000,9600,2400,0,0,0,8438,0,0,0,0,0,0,0,,0,11111432
HO,Scientific,11111439,Khamis,Maintenance,Muslim,Male,8/2/1994,Maintenance Engineer,4,Saudi,20-Mar-22,Single,0,6500,78000,19500,18000,9600,2400,0,0,0,8125,0,0,0,0,0,0,0,,0,11111432
HO,Scientific,11111440,Khamis,Maintenance,Muslim,Male,7/8/1994,Maintenance Engineer,4,Saudi,1-Aug-21,Single,0,6500,78000,24000,18000,9600,2400,0,0,0,8500,0,0,0,0,0,0,0,,0,11111432
HO,Scientific,11111441,Riyadh,Supply Chain,Muslim,Male,6/28/1976,Store Keeper,3,Saudi,9-Mar-21,Married,0,4250,51000,24000,13200,0,0,0,0,0,6250,0,0,0,0,0,0,0,,0,11111331
HO,Scientific,11111442,Jeddah,Maintenance,Muslim,Male,6/4/1982,Technician,4,Saudi,9-Mar-21,Single,0,6500,78000,19500,18000,9600,2400,0,0,0,8125,0,0,0,0,0,0,0,,0,11111432
ho,Scientific,11111443,Jeddah,Sales,Muslim,Female,2/19/1983,Demand Planner,3,Saudi,1-Aug-17,Single,0,7000,84000,21000,13200,6000,1800,0,0,0,8750,0,0,0,0,0,0,0,,0,11111332
ho,Scientific,11111444,Madina,Sales,Muslim,Male,10/20/1985,Showroom Sales Representative,3,Egyptian,2-Apr-17,Single,0,3650,43800,15000,13200,0,0,0,0,0,4900,0,0,0,0,0,0,0,,0,11111331
HO,Scientific,11111445,Riyadh,Marketing,Muslim,Male,10/1/1990,Sales Representative,3,Egyptian,3-May-18,Married,2,4500,54000,13500,18000,9600,1800,0,0,0,5625,0,0,0,0,0,0,0,,0,11111333
HO,Scientific,11111446,HO-Jeddah,Maintenance,Muslim,Male,2/28/1989,Maintenance Engineer,4,Saudi,25-Apr-18,Single,0,6500,78000,19500,18000,9600,2400,0,0,0,8125,0,0,0,0,0,0,0,,0,11111432
HO,Scientific,11111447,Jeddah,Marketing,Muslim,Male,12/31/1988,Product Specialist,3,Sudanese,11-Oct-22,Single,0,6000,72000,18000,18000,9600,0,0,0,0,7500,0,0,0,0,0,0,0,,0,11111433
HO,Scientific,11111448,Riyadh,Maintenance,Muslim,Male,12/5/1996,Maintenance Engineer,4,Saudi,11-May-22,Single,0,6500,78000,19500,18000,9600,2400,0,0,0,8125,0,0,0,0,0,0,0,,0,11111432
ho,Scientific,11111449,Riyadh,Marketing,Muslim,Male,7/1/1993,Product Specialist,3,Saudi,7-Jul-24,Single,0,6000,72000,18000,18000,9600,0,0,0,0,7500,0,0,0,0,0,0,0,,0,11111433
HO,Scientific,11111450,Riyadh,Supply Chain,Christian,Male,2/2/1981,Store Keeper,3,Philippines,1-Jul-25,Single,0,5750,69000,17256,13200,0,0,0,0,0,7188,0,0,0,0,0,0,0,,0,11111331
ho,Scientific,11111451,Jeddah,Marketing,Muslim,Male,4/1/1981,Tender Supervisor,4,Egyptian,15-Oct-09,Married,2,8000,96000,24000,18000,7680,2400,0,0,0,10000,4273.92,0,0,0,0,0,0,,0,11111332
ho,Scientific,11111452,Jeddah,Supply Chain,Muslim,Male,12/26/1977,Picker,1,Bangladesh,3-Jun-04,Single,0,2600,31200,7800,6000,0,0,0,6000,0,3063.75,2323.8,0,0,0,0,0,0,,0,11111373
HO,Scientific,11111453,Riyadh,Supply Chain,Muslim,Male,7/1/1986,Picker,2,Bangladesh,6-Oct-22,Single,0,2500,30000,7500,6000,0,0,0,6000,0,3125,0,0,0,0,0,0,0,,0,11111386
HO,Scientific,11111454,Jeddah,Supply Chain,Muslim,Male,11/18/2002,Picker,2,Pakistani,5-Sep-22,Single,0,2600,31200,7800,6000,0,0,0,6000,0,3250,0,0,0,0,0,0,0,,0,11111373
HO,Scientific,11111455,Jeddah,Marketing,Muslim,Male,4/10/1983,Key Account Manager,5,Syrian,26-Mar-23,Married,0,13000,156000,39000,24000,9600,3000,0,0,0,16250,0,0,0,0,0,0,0,,0,11111460
ho,Scientific,11111456,Riyadh,Marketing,Muslim,Male,10/8/1983,National Sales Manager,6,Egyptian,15-Oct-11,Married,2,16500,198000,49500,36000,9600,3000,0,0,0,20625,4438.44,0,0,0,0,3,0,,0,11111460
ho,Scientific,11111457,Jeddah,Marketing,Muslim,Male,1/1/1985,Channel Sales Manager,6,Egyptian,13-Jun-11,Married,2,10500,126000,31500,36000,9600,3000,0,0,0,13125,4438.32,0,0,0,0,1,0,,0,11111460
ho,Scientific,11111458,Jeddah,Marketing,Muslim,Male,1/4/1988,District Sales Manager,5,Egyptian,15-Oct-11,Single,0,10000,120000,30000,24000,9600,3000,0,0,0,12500,4438.44,0,0,0,0,0,0,,0,11111460
HO,Scientific,11111459,Jeddah,Marketing,Muslim,Male,7/19/1987,District Sales Manager,5,Egyptian,14-Jul-16,Married,2,11500,138000,34500,24000,9600,3000,0,0,0,14375,0,0,0,0,0,0,0,,0,11111455
HO,Scientific,11111460,Jeddah,Marketing,Muslim,Male,8/7/1964,Sales Director,7,Egyptian,1-Apr-18,Married,0,32000,384000,96000,42000,9600,4800,0,0,0,40000,0,0,0,0,0,0,0,,0,N-1
HO,Scientific,11111461,Khamis,Marketing,Muslim,Male,1/1/1979,Sales Representative,3,Egyptian,16-Aug-16,Single,0,4800,57600,15000,18000,14400,1800,0,0,0,6050,0,0,0,0,0,0,0,,0,11111331
HO,Scientific,11111462,Riyadh,Marketing,Muslim,Male,9/1/1990,Sales Supervisor,4,Egyptian,19-Oct-15,Single,0,4750,57000,15000,18000,9600,2400,0,0,0,6000,0,0,0,0,0,0,0,,0,11111333
ho,Scientific,11111463,Jeddah,Marketing,Muslim,Male,10/7/1980,Sales Representative,3,Saudi,2-Feb-14,Married,3,6000,72000,24000,18000,9600,1800,0,0,0,8000,3254.76,0,0,0,0,0,0,,0,11111330
ho,Scientific,11111464,Jeddah,Sales,Muslim,Male,11/24/1984,Sales Representative,3,Egyptian,26-Mar-17,Single,0,4500,54000,15000,18000,9600,1800,0,0,0,5750,0,0,0,0,0,0,0,,0,11111479
HO,Scientific,11111465,Jeddah,Marketing,Muslim,Male,9/12/1988,Product Supervisor,4,Egyptian,26-Apr-17,Single,0,8000,96000,24000,18000,9600,2400,0,0,0,10000,0,0,0,0,0,0,0,,0,11111456
HO,Scientific,11111466,Khamis,Marketing,Muslim,Male,3/17/1984,Product Specialist,3,Egyptian,13-May-19,Married,2,7800,93600,23400,18000,9600,0,0,0,0,9750,0,0,0,0,0,0,0,,0,11111460
HO,Scientific,11111467,Jeddah,Marketing,Muslim,Male,2/23/1987,Product Specialist,3,Egyptian,25-May-19,Married,2,7000,84000,21000,18000,9600,0,0,0,0,8750,0,0,0,0,0,0,0,,0,11111457
HO,Scientific,11111468,Jeddah,Marketing,Muslim,Male,7/30/1988,Product Specialist,3,Egyptian,25-May-19,Married,2,6500,78000,19500,18000,9600,0,0,0,0,8125,0,0,0,0,0,0,0,,0,11111457
HO,Scientific,11111469,Dammam,Marketing,Muslim,Male,12/10/1982,Product Specialist,3,Egyptian,17-Jun-19,Married,0,7500,90000,22500,18000,9600,0,0,0,0,9375,0,0,0,0,0,0,0,,0,11111455
HO,Scientific,11111470,Riyadh,Marketing,Muslim,Male,11/30/1983,Sales Representative,3,Egyptian,25-May-19,Married,2,6500,78000,19500,18000,9600,1800,0,0,0,8125,0,0,0,0,0,0,0,,0,11111457
HO,Scientific,11111471,Riyadh,Marketing,Muslim,Male,2/2/1991,Product Specialist,3,Egyptian,5-Apr-20,Married,2,6500,78000,19500,18000,9600,0,0,0,0,8125,0,0,0,0,0,0,0,,0,11111457
ho,Scientific,11111472,Dammam,Marketing,Muslim,Male,8/25/1989,Product Supervisor,4,Egyptian,3-Jun-13,Married,2,7000,84000,21000,18000,9600,2400,0,0,0,8750,3328.8,0,0,0,0,0,0,,0,11111333
ho,Scientific,11111473,Jeddah,Marketing,Muslim,Male,5/30/1981,Tender Supervisor,4,Egyptian,7-Jul-13,Married,2,8000,96000,24000,18000,9600,2400,0,0,0,10000,4274.04,0,0,0,0,0,0,,0,11111330
HO,Scientific,11111474,Jeddah,Marketing,Muslim,Male,4/6/1986,Tender Supervisor,4,Egyptian,2-May-16,Married,0,8000,96000,24000,18000,9600,2400,0,0,0,10000,0,0,0,0,0,0,0,,0,11111330
HO,Scientific,11111475,Riyadh,Marketing,Muslim,Female,3/28/1987,Product Specialist,3,Saudi,23-Oct-22,Single,0,6000,72000,18000,18000,9600,0,0,0,0,7500,0,0,0,0,0,0,0,,0,11111458
HO,Scientific,11111476,Dammam,Marketing,Muslim,Male,4/15/1988,Sales Representative,3,Egyptian,1-Nov-22,Married,0,6500,78000,19500,18000,9600,1800,0,0,0,8125,0,0,0,0,0,0,0,,0,11111457
HO,Scientific,11111477,Dammam,Marketing,Muslim,Male,1/1/1980,Maintenance Engineer,4,Palestine,1-Sep-21,Married,2,6500,78000,19500,18000,9600,2400,0,0,0,8125,0,0,0,0,0,0,0,,0,11111432
HO,Scientific,11111478,Jeddah,Marketing,Muslim,Male,5/30/1995,Sales Representative,3,Palestine,27-Oct-21,Single,0,6000,72000,18000,13200,9600,1800,0,0,0,7500,0,0,0,0,0,0,0,,0,11111458
ho,Scientific,11111479,Jeddah,Marketing,Muslim,Male,1/1/1965,Sales Supervisor,4,Egyptian,20-Nov-16,Married,4,9000,108000,27000,18000,9600,2400,0,0,0,11250,0,0,0,0,0,0,0,,0,11111332
HO,Scientific,11111480,Riyadh,Marketing,Muslim,Male,3/25/1995,Product Specialist,3,Saudi,1-Mar-23,Single,0,7500,90000,22500,18000,9600,0,0,0,0,9375,0,0,0,0,0,0,0,,0,11111460
HO,Scientific,11111481,Riyadh,Marketing,Muslim,Male,4/28/1999,Product Specialist,3,Saudi,26-Mar-23,Single,0,6000,72000,24000,18000,9600,0,0,0,0,8000,0,0,0,0,0,0,0,,0,11111456
HO,Scientific,11111482,Dammam,Marketing,Muslim,Female,11/13/1991,Sales Support,3,Saudi,14-Nov-24,Single,0,4725,56700,14172,18000,9600,0,0,0,0,5906,0,0,0,0,0,0,0,,0,11111458
HO,Scientific,11111483,Riyadh,Marketing,Muslim,Female,4/26/1998,Product Specialist,3,Saudi,4-Jun-23,Single,0,5500,66000,16500,18000,9600,0,0,0,0,6875,0,0,0,0,0,0,0,,0,11111458
ho,Scientific,11111484,Jeddah,Marketing,Muslim,Male,5/2/1994,Product Specialist,3,Jordanian,8-Jun-23,Single,0,6500,78000,19500,18000,9600,0,0,0,0,8125,0,0,0,0,0,0,0,,0,11111432
HO,Scientific,11111485,Jeddah,Marketing,Muslim,Female,5/16/1992,Product Specialist,3,Palestine,30-Jul-23,Single,0,6300,75600,18900,18000,9600,0,0,0,0,7875,0,0,0,0,0,0,0,,0,11111456
HO,Scientific,11111486,Riyadh,Marketing,Muslim,Male,11/14/1996,Governmental Relations Supervisor,4,Saudi,25-Sep-23,Single,0,9000,108000,27000,18000,9600,2400,0,0,0,11250,0,0,0,0,0,0,0,,0,11111330
HO,Scientific,11111487,Riyadh,Marketing,Muslim,Female,3/28/1996,Marketing Specialist,3,Saudi,14-Sep-25,Single,0,6000,72000,18000,18000,9600,0,0,0,0,7500,0,0,0,0,0,0,0,,0,11111456
HO,Scientific,11111488,Riyadh,Marketing,Muslim,Male,11/29/1997,Sales Engineer,4,Jordanian,17-Sep-25,Single,0,6000,72000,18000,18000,9600,2400,0,0,0,7500,0,0,0,0,0,0,0,,0,11111455
HO,Scientific,11111489,Jeddah,Marketing,Muslim,Male,7/21/2002,Sales Coordinator,3,Saudi,21-Sep-25,Single,0,5000,60000,15000,18000,9600,0,0,0,0,6250,0,0,0,0,0,0,0,,0,11111455
HO,Scientific,11111490,Jeddah,Supply Chain,Muslim,Male,8/18/1982,Picker,1,Bangladesh,25-Aug-16,Single,0,2500,30000,0,6000,0,0,0,6000,0,2916.76,0,0,0,0,0,0,0,,0,11111373
ho,Scientific,11111491,Jeddah,Supply Chain,Muslim,Male,1/1/1975,Picker,1,Bangladesh,13-Jul-05,Single,0,2600,31200,7800,6000,0,0,0,6000,0,3250,2323.68,0,0,0,0,0,0,,0,11111373
ho,Scientific,11111492,Jeddah,Supply Chain,Muslim,Male,7/1/1970,Forklift Operator,2,Philippines,2-Jan-12,Single,0,3000,36000,0,0,0,0,0,3600,0,3500.11,715.08,0,0,0,0,0,0,,0,11111347
ho,Scientific,11111493,Jeddah,Leadership,Muslim,Male,3/21/1984,Unit Manager,6,Saudi,11-Sep-05,Married,0,23000,276000,69000,36000,9600,3000,0,0,0,27875,17383.56,0,0,0,0,0,0,,0,N-1
HO,Main,11111494,Jeddah,Sales,Muslim,Male,1/1/1987,Sales Manager - Bayer,5,Egyptian,11-Mar-18,Single,0,9000,108000,27000,24000,11520,3000,0,0,0,12000,0,0,0,0,0,0,0,,0,11111665
ho,Main,11111495,Riyadh,Sales,Muslim,Male,11/26/1977,District Sales Manager,5,Egyptian,9-Mar-04,Married,3,12800,153600,38400,24000,11520,3000,0,0,0,16000,10191.72,0,0,0,0,4,0,,0,11111666
ho,Main,11111496,Jeddah,Sales,Muslim,Male,2/19/1964,Business Support Manager,6,Egyptian,11-Aug-04,Married,2,18000,216000,54000,36000,11520,3000,0,0,0,22500,21575.28,0,0,0,0,2,0,,0,11112370
ho,Main,11111497,Dammam,Sales,Muslim,Male,2/15/1969,Sales Supervisor,4,Egyptian,1-Mar-03,Married,3,7000,84000,22500,18000,11520,2400,0,0,0,8875,7972.68,0,0,0,0,4,0,,0,11111664
ho,Main,11111498,Jeddah,Sales,Muslim,Male,6/16/1972,Key Account Specialist,3,Palestine,1-Jun-06,Married,2,5800,69600,19248,18000,9600,1800,0,0,0,7404,7006.68,0,0,0,0,0,0,,0,11111518
ho,Main,11111499,Jeddah,Sales,Muslim,Male,1/20/1977,Sales Supervisor,4,Saudi,16-Apr-05,Married,3,8100,97200,24300,18000,9600,2400,0,0,0,10125,7890.48,0,0,0,0,4,0,,0,11111662
ho,Main,11111500,Jeddah,Sales,Muslim,Male,1/1/1967,Sales Supervisor,4,Egyptian,25-Sep-06,Married,3,6700,80400,21000,18000,9600,2400,0,0,0,8450,7006.68,0,0,0,0,0,0,,0,11111518
ho,Main,11111501,Riyadh,Sales,Muslim,Male,5/14/1980,Sales Supervisor,4,Egyptian,1-Feb-07,Married,1,6700,80400,21000,18000,9600,2400,0,0,0,8450,7006.68,0,0,0,0,0,0,,0,11111495
ho,Main,11111502,Madina,Sales,Muslim,Male,12/4/1975,Sales Supervisor,4,Egyptian,6-Feb-07,Married,3,6000,72000,21000,18000,9600,2400,0,0,0,7750,4191.84,0,0,0,0,1,0,,0,11111673
ho,Main,11111503,Khamis,Sales,Muslim,Male,9/20/1975,Sales Supervisor,4,Egyptian,18-Nov-01,Married,4,6500,78000,21000,18000,14400,2400,0,0,0,8250,7006.68,0,0,0,0,0,0,,0,11111662
ho,Main,11111504,Riyadh,Sales,Muslim,Male,1/1/1969,Sales Supervisor,4,Egyptian,6-Apr-01,Married,3,6700,80400,21000,18000,9600,2400,0,0,0,8450,7068.48,0,0,0,0,3,0,,0,11111495
ho,Main,11111505,Dammam,Supply Chain,Muslim,Male,12/3/1975,Store Keeper,3,Egyptian,5-Feb-03,Married,2,6000,72000,18000,13200,0,0,0,0,0,7500,5732.88,0,0,0,0,0,0,,0,11111714
ho,Main,11111506,Khamis,Sales,Muslim,Male,1/1/1980,Sales Representative,3,Egyptian,26-May-12,Single,0,4000,48000,18000,18000,14400,1800,0,0,0,5500,2589,0,0,0,0,0,0,,0,11111662
ho,Main,11111507,Jeddah,Sales,Muslim,Male,4/27/1982,Sales Representative,3,Jordanian,9-Apr-12,Married,2,4000,48000,18000,18000,9600,1800,0,0,0,5500,2589,0,0,0,0,0,0,,0,11111518
HO,Main,11111508,Riyadh,Supply Chain,Others,Male,10/11/1978,Assistant Store Keeper,3,Philippines,14-Feb-12,Single,0,4500,54000,13500,13200,0,0,0,0,0,5775,1161.84,0,0,0,0,0,0,,0,11111683
ho,Main,11111509,Dammam,Sales,Muslim,Male,11/4/1983,Key Account Specialist,3,Egyptian,1-Jan-12,Married,1,4300,51600,18000,18000,11520,1800,0,0,0,5800,2589,0,0,0,0,0,0,,0,11111497
ho,Main,11111510,Jeddah,Sales,Muslim,Male,8/4/1986,Key Account Specialist,3,Egyptian,1-Jan-12,Married,2,4300,51600,18000,18000,9600,1800,0,0,0,5800,2589,0,0,0,0,0,0,,0,11111518
ho,Main,11111511,Dammam,Sales,Muslim,Male,5/25/1983,Sales Representative,3,Egyptian,1-Jan-12,Married,2,4000,48000,18000,18000,9600,1800,0,0,0,5500,2589,0,0,0,0,0,0,,0,11111519
ho,Main,11111512,Riyadh,Sales,Muslim,Male,12/20/1982,Sales Supervisor,4,Egyptian,1-Jan-12,Married,2,5500,66000,18000,18000,9600,2400,0,0,0,7000,1972.56,0,0,0,0,0,0,,0,11111495
ho,Main,11111513,Riyadh,Sales,Muslim,Male,1/1/1983,Sales Representative,3,Egyptian,1-Jan-12,Married,2,4000,48000,18000,18000,11520,1800,0,0,0,5500,2589,0,0,0,0,0,0,,0,11111495
ho,Main,11111514,Madina,Sales,Muslim,Male,4/1/1981,Key Account Specialist,3,Egyptian,21-Apr-09,Married,1,4300,51600,18000,18000,9600,1800,0,0,0,5800,4684.92,0,0,0,0,0,0,,0,11111673
ho,Main,11111515,Riyadh,Sales,Muslim,Male,1/8/1974,Sales Supervisor,4,Egyptian,21-Mar-09,Married,2,6700,80400,21000,18000,14400,2400,0,0,0,8450,7068.48,0,0,0,0,3,0,,0,11111666
ho,Main,11111516,Jeddah,Sales,Muslim,Male,12/14/1979,Sales Supervisor,4,Egyptian,10-May-08,Married,1,6700,80400,21000,18000,9600,2400,0,0,0,8450,7006.68,0,0,0,0,1,0,,0,11111518
ho,Main,11111517,Riyadh,Sales,Muslim,Male,11/9/1980,Key Account Specialist,3,Egyptian,12-Mar-08,Married,3,4200,50400,18000,18000,9600,1800,0,0,0,5700,4191.72,0,0,0,0,0,0,,0,11111495
ho,Main,11111518,Jeddah,Sales,Muslim,Male,6/20/1980,Sales Supervisor,4,Egyptian,31-Oct-09,Married,3,6700,80400,21000,18000,9600,2400,0,0,0,8450,3503.52,0,0,0,0,3,0,,0,11111662
ho,Main,11111519,Dammam,Sales,Muslim,Male,12/15/1984,Sales Supervisor,4,Egyptian,31-Oct-09,Married,2,6700,80400,21000,18000,11520,2400,0,0,0,8450,3503.52,0,0,0,0,1,0,,0,11111664
ho,Main,11111520,Dammam,Sales,Muslim,Male,1/1/1979,Sales Representative,3,Egyptian,31-Oct-09,Married,2,4000,48000,18000,18000,11520,1800,0,0,0,5500,2095.8,0,0,0,0,0,0,,0,11111527
ho,Main,11111521,Jeddah,Sales,Muslim,Male,7/24/1986,Key Account Specialist,3,Egyptian,31-Oct-09,Married,2,4300,51600,18000,18000,14400,1800,0,0,0,5800,1972.68,0,0,0,0,0,0,,0,11111518
ho,Main,11111522,Jeddah,Sales,Muslim,Male,7/23/1984,Key Account Specialist,3,Egyptian,31-Oct-09,Married,2,4300,51600,18000,18000,9600,1800,0,0,0,5800,2095.8,0,0,0,0,0,0,,0,11111518
ho,Main,11111523,Riyadh,Supply Chain,Muslim,Male,6/7/1987,Store Keeper,3,Egyptian,2-Mar-10,Single,0,5500,66000,16500,13200,0,0,0,0,0,6875,1664.28,0,0,0,0,0,0,,0,11111683
ho,Main,11111524,Riyadh,Sales,Muslim,Male,5/2/1982,Key Account Specialist,3,Egyptian,16-Mar-10,Married,1,4300,51600,18000,18000,11520,1800,0,0,0,5800,1972.56,0,0,0,0,0,0,,0,11111495
ho,Main,11111525,Jeddah,Sales,Muslim,Male,8/22/1983,Key Account Specialist,3,Palestine,15-Mar-10,Married,0,4300,51600,18000,18000,9600,1800,0,0,0,5800,1972.56,0,0,0,0,1,0,,0,11111518
ho,Main,11111526,Riyadh,Sales,Muslim,Male,10/11/1983,Sales Supervisor,4,Egyptian,1-May-10,Married,2,6000,72000,21000,18000,9600,2400,0,0,0,7750,1972.68,0,0,0,0,0,0,,0,11111495
ho,Main,11111527,Dammam,Sales,Muslim,Male,6/25/1987,Sales Supervisor,4,Egyptian,1-May-10,Married,0,5500,66000,21000,18000,11520,2400,0,0,0,7250,2095.92,0,0,0,0,0,0,,0,11111664
HO,Main,11111528,Main WH-Jeddah,Supply Chain,Muslim,Male,11/17/1980,Assistant Store Keeper,3,Saudi,11-May-15,Single,0,3500,42000,24000,13200,3840,0,0,0,0,5500,0,0,0,0,0,0,0,,0,11111659
HO,Main,11111529,Madina,Sales,Muslim,Male,1/1/1990,Sales Representative,3,Egyptian,6-Sep-15,Married,1,4000,48000,18000,18000,11520,1800,0,0,0,5500,0,0,0,0,0,0,0,,0,11111673
HO,Main,11111530,Riyadh,Sales,Muslim,Male,5/29/1989,Sales Representative,3,Egyptian,8-Mar-15,Married,2,4000,48000,18000,18000,8640,1800,0,0,0,5500,0,0,0,0,0,0,0,,0,11111495
HO,Main,11111531,Dammam,Supply Chain,Muslim,Male,3/16/1991,Store Keeper,3,Saudi,13-Apr-15,Single,0,8000,96000,24000,13200,5760,0,0,0,0,10000,0,0,0,0,0,0,0,,0,11111714
ho,Main,11111532,Riyadh,Sales,Muslim,Male,10/13/1988,Sales Representative,3,Saudi,2-Feb-13,Married,1,4000,48000,24000,18000,8640,1800,0,0,0,6000,2465.76,0,0,0,0,2,0,,0,11111495
ho,Main,11111533,Khamis,Sales,Muslim,Male,3/2/1988,Sales Representative,3,Egyptian,1-Jun-13,Single,0,4000,48000,18000,18000,14400,1800,0,0,0,5500,1972.56,0,0,0,0,0,0,,0,11111662
ho,Main,11111534,Madina,Sales,Muslim,Male,2/22/1984,Sales Representative,3,Egyptian,1-Jun-13,Married,0,4000,48000,18000,18000,9600,1800,0,0,0,5500,1972.56,0,0,0,0,0,0,,0,11111673
ho,Main,11111535,Riyadh,Sales,Muslim,Male,7/9/1988,Key Account Specialist,3,Egyptian,1-Jun-13,Single,0,4200,50400,18000,18000,9600,1800,0,0,0,5700,1972.56,0,0,0,0,0,0,,0,11111495
ho,Main,11111536,Jeddah,Sales,Muslim,Male,12/30/1989,Sales Representative,3,Egyptian,1-Jun-13,Single,0,4000,48000,18000,18000,9600,1800,0,0,0,5500,1972.56,0,0,0,0,0,0,,0,11111518
ho,Main,11111537,Jeddah,Sales,Muslim,Male,4/13/1987,Sales Supervisor,4,Egyptian,20-Nov-13,Married,2,5500,66000,18000,18000,9600,2400,0,0,0,7250,1972.68,0,0,0,0,0,0,,0,11111518
ho,Main,11111538,Jeddah,Sales,Muslim,Male,8/1/1987,Sales Representative,3,Egyptian,4-Dec-13,Single,0,4000,48000,18000,18000,11520,1800,0,0,0,5500,1972.68,0,0,0,0,0,0,,0,11111518
ho,Main,11111539,Dammam,Sales,Muslim,Male,10/1/1987,Sales Representative,3,Egyptian,6-Apr-14,Single,0,4000,48000,18000,18000,11520,1800,0,0,0,5500,2589.12,0,0,0,0,0,0,,0,11111527
HO,Main,11111540,Main WH-Jeddah,Supply Chain,Muslim,Male,12/29/1989,Data Entry,3,Saudi,17-Apr-14,Single,0,3750,45000,15000,13200,0,0,0,0,0,5000,2638.32,0,0,0,0,0,0,,0,11112360
ho,Main,11111541,Dammam,Sales,Muslim,Male,4/6/1982,Sales Representative,3,Egyptian,14-May-14,Married,1,4000,48000,18000,18000,8640,1800,0,0,0,5500,2712.36,0,0,0,0,0,0,,0,11111519
HO,Main,11111542,Jeddah,Sales,Muslim,Male,9/15/1983,Key Account Specialist,3,Egyptian,11-May-14,Married,2,5000,60000,18000,18000,9600,1800,0,0,0,6500,3698.64,0,0,0,0,0,0,,0,11111518
HO,Main,11111543,Riyadh,Sales,Muslim,Male,4/6/1987,Sales Representative,3,Egyptian,31-Aug-14,Single,0,4000,48000,18000,18000,9600,1800,0,0,0,5500,1478.76,0,0,0,0,0,0,,0,11111495
HO,Main,11111544,Riyadh,Sales,Muslim,Male,9/1/1990,Sales Representative,3,Egyptian,30-Aug-14,Single,0,4000,48000,18000,18000,9600,1800,0,0,0,5500,2134.32,0,0,0,0,0,0,,0,11111495
HO,Main,11111545,Riyadh,Sales,Muslim,Male,1/28/1987,Sales Representative,3,Egyptian,30-Aug-14,Married,2,4000,48000,18000,18000,9600,1800,0,0,0,5500,1479.48,0,0,0,0,0,0,,0,11111495
HO,Main,11111546,Khamis,Sales,Muslim,Male,4/11/1987,Sales Representative,3,Egyptian,7-Sep-14,Married,2,4000,48000,18000,18000,14400,1800,0,0,0,5500,1183.56,0,0,0,0,0,0,,0,11111662
HO,Main,11111547,Dammam,Sales,Muslim,Male,4/10/1990,Sales Representative,3,Egyptian,7-Sep-14,Single,0,4000,48000,18000,18000,14400,1800,0,0,0,5500,1183.56,0,0,0,0,0,0,,0,11111497
ho,Main,11111548,Jeddah,Sales,Muslim,Female,9/14/1991,Merchandiser,2,Jordanian,26-Mar-24,Single,0,3700,44400,11100,6000,0,0,0,0,0,4625,0,0,0,0,0,0,0,,0,11111494
ho,Main,11111549,Riyadh,Sales,Muslim,Female,1/15/1993,Merchandising Supervisor,4,Egyptian,21-Apr-24,Married,0,8300,99600,24000,18000,6000,2400,0,0,0,10300,0,0,0,0,0,0,0,,0,11111494
HO,Main,11111550,Jeddah,Sales,Muslim,Female,10/20/1996,Merchandising Supervisor,3,Egyptian,26-Aug-24,Married,0,6000,72000,18000,9600,0,0,0,0,0,7500,0,0,0,0,0,0,0,,0,11111494
HO,Main,11111551,Jeddah,Sales,Muslim,Male,2/12/1993,Key Account Specialist,3,Saudi,1-Aug-21,Single,0,4200,50400,24000,18000,9600,1800,0,0,0,6200,0,0,0,0,0,0,0,,0,11111665
HO,Main,11111552,Riyadh,Sales,Muslim,Male,3/8/1990,Sales Representative,3,Egyptian,1-Mar-21,Married,2,3500,42000,18000,18000,8640,1800,0,0,0,5000,0,0,0,0,0,0,0,,0,11111495
HO,Main,11111553,Madina,Supply Chain,Muslim,Male,12/13/1979,Store Keeper,3,Saudi,1-Sep-19,Single,0,5500,66000,24000,13200,0,0,0,0,0,7500,0,0,0,0,0,0,0,,0,11111659
HO,Main,11111554,Jeddah,Supply Chain,Muslim,Male,1/1/1979,Stock Analyst,3,Yemeni,3-Mar-19,Single,0,5000,60000,15000,13200,5760,0,0,0,0,6250,0,0,0,0,0,0,0,,0,11112360
HO,Main,11111555,Jeddah,Sales,Muslim,Male,3/17/2002,Sales Representative,3,Saudi,21-Sep-25,Single,0,3500,42000,18000,18000,8640,1800,0,0,0,5000,0,0,0,0,0,0,0,,0,11111662
HO,Main,11111556,Jeddah,Sales,Muslim,Male,3/14/1997,Sales Representative,3,Saudi,10-Aug-25,Single,0,4000,48000,18000,18000,9600,1800,0,0,0,5500,0,0,0,0,0,0,0,,0,11111662
HO,Main,11111557,Jeddah,Sales,Muslim,Male,6/7/1971,Sales Representative,3,Egyptian,3-Aug-25,Married,0,3500,42000,18000,18000,8640,1800,0,0,0,5000,0,0,0,0,0,0,0,,0,11111662
HO,Main,11111558,Riyadh,Sales,Muslim,Male,6/8/1989,Sales Representative,3,Egyptian,1-Jan-25,Married,0,3500,42000,18000,18000,8640,1800,0,0,0,5000,0,0,0,0,0,0,0,,0,11111495
HO,Main,11111559,Dammam,Sales,Muslim,Male,12/23/1987,Sales Representative,3,Egyptian,1-Jan-25,Married,2,3500,42000,18000,18000,8640,1800,0,0,0,5000,0,0,0,0,0,0,0,,0,11111519
HO,Main,11111560,Dammam,Sales,Muslim,Male,11/1/1990,Sales Representative,3,Egyptian,1-Jan-25,Married,0,3500,42000,18000,18000,8640,1800,0,0,0,5000,0,0,0,0,0,0,0,,0,11111519
HO,Main,11111561,Riyadh,Sales,Muslim,Male,11/11/1992,Sales Representative,3,Egyptian,15-Jan-25,Married,0,3500,42000,18000,18000,8640,1800,0,0,0,5000,0,0,0,0,0,0,0,,0,11111495
HO,Main,11111562,Jeddah,Sales,Muslim,Male,2/8/2001,Sales Representative,3,Saudi,2-Mar-25,Single,0,3500,42000,18000,18000,8640,1800,0,0,0,5000,0,0,0,0,0,0,0,,0,11111518
HO,Main,11111563,Riyadh,Sales,Muslim,Male,7/14/1996,Sales Representative,3,Saudi,2-Mar-25,Single,0,3500,42000,18000,18000,8640,1800,0,0,0,5000,0,0,0,0,0,0,0,,0,11111495
HO,Main,11111564,Jeddah,Sales,Muslim,Male,10/1/1982,Sales Representative,3,Egyptian,9-Mar-25,Married,2,4000,48000,18000,18000,9600,1800,0,0,0,5500,0,0,0,0,0,0,0,,0,11111518
HO,Main,11111565,Jeddah,Sales,Muslim,Male,4/26/1987,Sales Representative,3,Egyptian,23-Jan-17,Married,0,3500,42000,18000,18000,8640,1800,0,0,0,5000,0,0,0,0,0,0,0,,0,11111518
HO,Main,11111566,Riyadh,Sales,Muslim,Female,2/27/1993,Merchandiser,2,Saudi,6-May-25,Single,0,3750,45000,15000,6000,0,0,0,0,0,5000,0,0,0,0,0,0,0,,0,11111494
HO,Main,11111567,Riyadh,Sales,Muslim,Female,1/22/1992,Merchandiser,2,Saudi,18-Aug-24,Single,0,3750,45000,15000,6000,0,0,0,0,0,5000,0,0,0,0,0,0,0,,0,11111494
HO,Main,11111568,Jeddah,Sales,Muslim,Female,11/8/2001,Merchandiser,2,Saudi,1-Sep-24,Single,0,3750,45000,15000,6000,0,0,0,0,0,5000,0,0,0,0,0,0,0,,0,11111494
HO,Main,11111569,Riyadh,Sales,Muslim,Female,6/30/2001,Merchandiser,2,Saudi,22-Oct-24,Single,0,3750,45000,15000,6000,0,0,0,0,0,5000,0,0,0,0,0,0,0,,0,11111494
HO,Main,11111570,Riyadh,Sales,Muslim,Female,9/22/2002,Merchandiser,2,Saudi,11-Dec-24,Single,0,3750,45000,15000,6000,0,0,0,0,0,5000,0,0,0,0,0,0,0,,0,11111494
HO,Main,11111571,Riyadh,Sales,Muslim,Female,3/5/1994,Merchandiser,2,Saudi,24-Nov-24,Single,0,3750,45000,15000,6000,0,0,0,0,0,5000,0,0,0,0,0,0,0,,0,11111494
HO,Main,11111572,Riyadh,Sales,Muslim,Female,11/2/1986,Merchandiser,2,Saudi,21-Nov-24,Single,0,3750,45000,15000,6000,0,0,0,0,0,5000,0,0,0,0,0,0,0,,0,11111494
HO,Main,11111573,Jeddah,Sales,Muslim,Female,6/5/2002,Merchandiser,2,Saudi,11-Nov-24,Single,0,3750,45000,15000,6000,0,0,0,0,0,5000,0,0,0,0,0,0,0,,0,11111494
HO,Main,11111574,Jeddah,Sales,Christian,Female,6/29/1993,Merchandiser,2,Egyptian,20-Jul-25,Single,0,3700,44400,11100,6000,0,0,0,0,0,4625,0,0,0,0,0,0,0,,0,11111494
HO,Main,11111575,Riyadh,Sales,Muslim,Female,5/29/1986,Merchandiser,2,Saudi,6-Aug-25,Single,0,3750,45000,15000,6000,0,0,0,0,0,5000,0,0,0,0,0,0,0,,0,11111494
HO,Main,11111576,Jeddah,Sales,Muslim,Female,2/5/1992,Merchandiser,2,Saudi,1-Sep-25,Single,0,3750,45000,15000,6000,0,0,0,0,0,5000,0,0,0,0,0,0,0,,0,11111494
HO,Main,11111577,Jeddah,Sales,Muslim,Female,8/13/1995,Merchandiser,2,Saudi,17-Sep-25,Single,0,3750,45000,15000,6000,0,0,0,0,0,5000,0,0,0,0,0,0,0,,0,11111494
HO,Main,11111578,Jeddah,Sales,Muslim,Female,4/3/1986,Merchandiser,2,Saudi,21-Sep-25,Single,0,3750,45000,15000,6000,0,0,0,0,0,5000,0,0,0,0,0,0,0,,0,11111494
ho,Main,11111579,Madina,Supply Chain,Muslim,Male,10/30/1973,Labor,1,Indian,9-Feb-14,Single,0,1500,18000,0,0,0,0,0,3600,0,1750.05,863.04,0,0,0,0,0,0,,0,11111553
ho,Main,11111580,Riyadh,Supply Chain,Muslim,Male,2/10/1987,Forklift Operator,2,Ethiopian,30-Jan-14,Married,0,2000,24000,0,9000,0,0,0,0,0,2500,863.04,0,0,0,0,0,0,,0,11111756
ho,Main,11111581,Riyadh,Supply Chain,Muslim,Male,9/24/1984,Labor,1,Ethiopian,29-Jan-14,Married,1,1500,18000,3600,0,0,0,0,3600,0,1800,863.04,0,0,0,0,0,0,,0,11111523
ho,Main,11111582,Riyadh,Supply Chain,Muslim,Male,11/24/1985,Labor,1,Ethiopian,17-Feb-14,Single,0,1500,18000,0,6000,0,0,0,3600,0,1750.05,863.04,0,0,0,0,0,0,,0,11111523
ho,Main,11111583,Jeddah,Supply Chain,Muslim,Male,11/28/1978,Labor,1,Saudi,1-Dec-12,Single,0,3000,36000,12000,6000,0,0,0,0,0,4000,1479.48,0,0,0,0,0,0,,0,11112360
ho,Main,11111584,Jeddah,Facility,Muslim,Male,2/1/1965,Cleaner,1,Bangladesh,10-Sep-00,Married,0,1800,21600,0,0,0,0,0,0,0,2100.06,1631.4,0,0,0,0,0,0,,0,11112405
ho,Main,11111585,Dammam,Supply Chain,Muslim,Male,1/1/1966,Assistant Store Keeper,3,Egyptian,23-Nov-97,Single,0,3400,40800,10200,13200,0,0,0,0,0,4250,2835.6,0,0,0,0,0,0,,0,11111714
ho,Main,11111586,Jeddah,Supply Chain,Muslim,Male,1/1/1974,Picker,1,Bangladesh,11-May-03,Married,0,2300,27600,0,0,0,0,0,6000,0,2683.41,11210.88,0,0,0,0,0,0,,0,11111731
ho,Main,11111587,Jeddah,Supply Chain,Muslim,Male,2/10/1977,Labor,1,Bangladesh,17-Dec-05,Single,0,1500,18000,0,0,0,0,0,3600,0,1750.05,1631.4,0,0,0,0,0,0,,0,11111765
ho,Main,11111588,Jeddah,Supply Chain,Muslim,Male,1/1/1979,Forklift Operator,2,Bangladesh,25-May-04,Single,0,2300,27600,0,0,0,0,0,0,0,2683.41,2323.8,0,0,0,0,0,0,,0,11111731
ho,Main,11111589,Khamis,Supply Chain,Muslim,Male,5/15/1983,Assistant Store Keeper,3,Yemeni,2-Oct-10,Married,1,4000,48000,12000,13200,5760,0,0,0,0,5000,1417.8,0,0,0,0,0,0,,0,11112258
ho,Main,11111590,Jeddah,Supply Chain,Muslim,Male,11/12/1981,Driver,2,Saudi,16-Apr-08,Married,0,3000,36000,24000,0,0,0,0,0,0,5000,4635.6,0,0,0,0,0,0,,0,11111653
ho,Main,11111591,Jeddah,Supply Chain,Muslim,Male,11/9/1980,Driver,2,Yemeni,12-Mar-08,Single,0,3000,36000,9000,0,0,0,0,0,0,3750,3328.8,0,0,0,0,0,0,,0,11111653
ho,Main,11111592,Dammam,Supply Chain,Muslim,Male,11/8/1984,Forklift Operator,2,Sri Lankan,8-Nov-08,Single,0,2620,31440,7860,9000,0,0,0,0,0,2870.05,1384.8,0,0,0,0,0,0,,0,11111714
ho,Main,11111593,Madina,Supply Chain,Muslim,Male,7/1/1970,Picker,1,Philippines,2-Jan-12,Single,0,2000,24000,0,0,0,0,0,6000,0,2000,715.08,0,0,0,0,0,0,,0,11111553
HO,Main,11111594,Madina,Supply Chain,Muslim,Male,1/1/1994,Labor,1,Bangladesh,21-Nov-18,Single,0,1500,18000,0,0,0,0,0,3600,0,1500,0,0,0,0,0,0,0,,0,11111735
HO,Main,11111595,Riyadh,Supply Chain,Muslim,Male,6/9/1990,Driver,2,Sudanese,20-Aug-20,Single,0,2900,34800,8700,0,0,0,0,0,0,3625,0,0,0,0,0,0,0,,0,11111653
HO,Main,11111596,Dammam,Supply Chain,Muslim,Male,11/5/1988,Labor,1,Bangladesh,28-Sep-20,Single,0,1500,18000,0,0,0,0,0,3600,0,1500,0,0,0,0,0,0,0,,0,11111714
HO,Main,11111597,Khamis,Supply Chain,Muslim,Male,6/28/1994,Forklift Operator,2,Bangladesh,9-Dec-19,Single,0,2000,24000,0,0,0,0,0,0,0,2000,0,0,0,0,0,0,0,,0,11112258
HO,Main,11111598,Riyadh,Supply Chain,Muslim,Male,12/12/1990,Driver,2,Saudi,21-Dec-21,Single,0,3000,36000,24000,0,0,0,0,0,0,5000,0,0,0,0,0,0,0,,0,11111653
HO,Main,11111599,Jeddah,Supply Chain,Muslim,Male,4/4/2004,Picker,1,Saudi,1-Sep-21,Single,0,3000,36000,24000,0,0,0,0,0,0,5000,0,0,0,0,0,0,0,,0,11111731
HO,Main,11111600,Jeddah,Sales,Muslim,Female,11/7/1998,Merchandiser,2,Saudi,23-Jul-24,Single,0,3750,45000,15000,6000,0,0,0,0,0,5000,0,0,0,0,0,0,0,,0,11111494
ho,Main,11111601,Jeddah,Sales,Muslim,Female,6/11/1992,Merchandiser,2,Sudanese,14-Jul-24,Single,0,3700,44400,11100,6000,0,0,0,0,0,4625,0,0,0,0,0,0,0,,0,11111494
HO,Main,11111602,Jeddah,Sales,Muslim,Female,8/10/1997,Merchandiser,2,Saudi,4-Aug-24,Single,0,3750,45000,15000,6000,0,0,0,0,0,5000,0,0,0,0,0,0,0,,0,11111494
HO,Main,11111603,Riyadh,Sales,Muslim,Female,1/31/1992,Merchandiser,2,Saudi,18-Aug-24,Single,0,3750,45000,15000,6000,0,0,0,0,0,5000,0,0,0,0,0,0,0,,0,11111494
ho,Main,11111604,Dammam,Sales,Muslim,Female,10/1/1991,Merchandiser,2,Egyptian,24-Apr-24,Married,0,3700,44400,11100,6000,0,0,0,0,0,4625,0,0,0,0,0,0,0,,0,11111494
ho,Main,11111605,Riyadh,Sales,Christian,Female,11/17/1986,Merchandiser,2,Egyptian,1-May-24,Married,0,3700,44400,11100,6000,0,0,0,0,0,4625,0,0,0,0,0,0,0,,0,11111494
ho,Main,11111606,Jeddah,Sales,Muslim,Female,2/10/1995,Merchandiser,2,Yemeni,15-Apr-24,Divorced,0,3700,44400,11100,6000,0,0,0,0,0,4625,0,0,0,0,0,0,0,,0,11111494
ho,Main,11111607,Jeddah,Supply Chain,Muslim,Male,10/15/1996,Picker,1,Saudi,1-Nov-23,Single,0,3000,36000,15000,6000,0,0,0,6000,0,4250,0,0,0,0,0,0,0,,0,11111826
ho,Main,11111608,Jeddah,Sales,Muslim,Female,11/29/1984,Merchandiser,2,Saudi,10-Mar-24,Single,0,3750,45000,15000,6000,0,0,0,0,0,5000,0,0,0,0,0,0,0,,0,11111494
ho,Main,11111609,Dammam,Sales,Muslim,Female,3/2/1996,Merchandiser,2,Saudi,10-Mar-24,Single,0,3750,45000,15000,6000,0,0,0,0,0,5000,0,0,0,0,0,0,0,,0,11111494
ho,Main,11111610,Jeddah,Sales,Muslim,Female,11/22/1994,Merchandiser,2,Saudi,10-Mar-24,Single,0,3750,45000,15000,6000,0,0,0,0,0,5000,0,0,0,0,0,0,0,,0,11111494
HO,Main,11111611,Jeddah,Supply Chain,Muslim,Male,3/18/1979,Driver,2,Yemeni,5-Sep-22,Single,0,2900,34800,8700,0,0,0,0,0,0,3625,0,0,0,0,0,0,0,,0,11111653
ho,Main,11111612,Jeddah,Sales,Muslim,Male,9/1/1990,District Sales Manager,5,Egyptian,1-Jun-13,Married,2,6750,81000,30000,24000,9600,3000,0,0,0,10000,1972.56,0,0,0,0,0,0,,0,N-1
ho,Main,11111613,Jeddah,Marketing,Muslim,Male,9/16/1982,Product Manager,5,Egyptian,1-Dec-13,Married,0,16150,193800,48300,36000,0,3000,0,0,0,22700,2712.36,0,0,0,0,0,0,,0,N-1
ho,Main,11111614,Makkah,Supply Chain,Muslim,Male,3/10/1986,Warehouse Manager- Alwasiq,5,Saudi,11-Jul-09,Single,0,9000,108000,27000,24000,5760,3000,0,0,0,11250,8486.16,0,0,0,0,0,0,,0,11112244
HO,Main,11111615,Dammam,Sales,Muslim,Male,7/1/1986,Key Account Specialist,3,Egyptian,1-Nov-15,Married,2,4500,54000,18000,18000,11520,1800,0,0,0,6000,0,0,0,0,0,0,0,,0,N-1
HO,Main,11111616,Riyadh,Sales,Muslim,Male,7/1/1986,Sales Representative,3,Egyptian,1-Nov-15,Married,0,4000,48000,18000,18000,11520,1800,0,0,0,5500,0,0,0,0,0,0,0,,0,N-1
ho,Main,11111617,Dammam,Sales,Muslim,Male,10/21/1989,Sales Supervisor,4,Egyptian,20-Apr-14,Married,2,6000,72000,21000,18000,11520,2400,0,0,0,7750,1972.56,0,0,0,0,0,0,,0,N-1
HO,Main,11111618,Makkah,Supply Chain,Muslim,Male,5/13/1995,Assistant Store Keeper,3,Saudi,1-Sep-21,Single,0,3500,42000,24000,13200,3840,0,0,0,0,5500,0,0,0,0,0,0,0,,0,11111659
HO,Main,11111619,Jeddah,Supply Chain,Muslim,Male,4/4/1975,Store Keeper,3,Philippines,6-Dec-21,Single,0,4000,48000,12000,13200,0,0,0,0,0,5000,0,0,0,0,0,0,0,,0,N-1
ho,Main,11111620,Makkah,Supply Chain,Muslim,Male,8/26/1979,Assistant Store Keeper,3,Egyptian,1-Apr-20,Married,0,5000,60000,15000,13200,0,0,0,0,0,6250,0,0,0,0,0,0,0,,0,11111659
ho,Main,11111621,Makkah,Supply Chain,Muslim,Male,4/27/1984,Store Keeper,3,Egyptian,1-Apr-20,Married,2,5000,60000,15000,13200,0,0,0,0,0,6250,0,0,0,0,0,0,0,,0,11111659
HO,Main,11111622,Jeddah,Sales,Muslim,Male,1/30/2000,Sales Representative,3,Saudi,31-Dec-17,Single,0,3750,45000,18000,18000,8640,1800,0,0,0,5250,0,0,0,0,0,0,0,,0,11111612
HO,Main,11111623,Jeddah,Sales,Muslim,Male,4/5/1992,Sales Representative,3,Saudi,13-Sep-20,Married,0,3750,45000,18000,18000,8640,1800,0,0,0,5250,0,0,0,0,0,0,0,,0,N-1
HO,Main,11111624,Jeddah,Sales,Muslim,Male,9/20/1992,Sales Representative,3,Egyptian,14-May-19,Single,0,3750,45000,18000,18000,11520,1800,0,0,0,5250,0,0,0,0,0,0,0,,0,N-1
ho,Main,11111625,Riyadh,Sales,Muslim,Male,2/11/1984,Key Account Specialist,3,Egyptian,12-Aug-18,Married,0,4500,54000,18000,18000,11520,1800,0,0,0,6000,0,0,0,0,0,0,0,,0,N-1
HO,Main,11111626,Jeddah,Sales,Muslim,Male,5/27/1981,Key Account Specialist,3,Syrian,13-Aug-18,Married,2,4500,54000,18000,18000,11520,1800,0,0,0,6000,0,0,0,0,0,0,0,,0,11111612
HO,Main,11111627,Riyadh,Marketing,Muslim,Male,1/5/1995,Beauty Sales Representative,3,Egyptian,17-Jul-25,Single,0,7300,87600,26400,21000,0,1800,0,0,0,9500,0,0,0,0,0,0,0,,0,N-1
HO,Main,11111628,Jeddah,Sales,Muslim,Female,10/4/1986,Medical Representative,3,Egyptian,7-Aug-23,Single,0,8500,102000,26400,21000,0,1800,0,0,0,10700,0,0,0,0,0,0,0,,0,N-1
HO,Main,11111629,Khamis,Marketing,Muslim,Male,5/9/1990,Marketing Specialist,3,Egyptian,13-Aug-23,Single,0,7300,87600,26400,21000,0,1800,0,0,0,9500,0,0,0,0,0,0,0,,0,N-1
HO,Main,11111630,Dammam,Marketing,Muslim,Male,5/10/1993,Marketing Specialist,3,Egyptian,13-Jun-23,Single,0,7300,87600,26400,21000,0,1800,0,0,0,9500,0,0,0,0,0,0,0,,0,N-1
HO,Main,11111631,Riyadh,Sales,Muslim,Male,10/6/1987,Sales Representative,3,Egyptian,25-Jan-23,Married,1,3500,42000,18000,18000,11520,1800,0,0,0,5000,0,0,0,0,0,0,0,,0,N-1
HO,Main,11111632,Khamis,Sales,Muslim,Male,5/23/1987,Sales Representative,3,Egyptian,25-Jan-23,Married,2,3500,42000,18000,18000,11520,1800,0,0,0,5000,0,0,0,0,0,0,0,,0,11111612
ho,Main,11111633,Riyadh,Sales,Muslim,Male,9/30/1987,Sales Supervisor,4,Egyptian,1-Jun-13,Single,0,6000,72000,21000,18000,9600,2400,0,0,0,7750,1972.56,0,0,0,0,0,0,,0,N-1
HO,Main,11111634,Jeddah,Sales,Muslim,Male,9/29/1991,Sales Representative,3,Egyptian,13-Jan-16,Married,0,3750,45000,18000,18000,11520,1800,0,0,0,5750,0,0,0,0,0,0,0,,0,N-1
HO,Main,11111635,Riyadh,Sales,Muslim,Male,1/20/1980,Sales Representative,3,Egyptian,4-Apr-16,Single,0,4000,48000,18000,18000,7200,1800,0,0,0,5500,0,0,0,0,0,0,0,,0,N-1
ho,Main,11111636,Jeddah,Sales,Muslim,Male,2/4/1984,Sales Supervisor,4,Egyptian,1-Jun-13,Married,3,6000,72000,21000,18000,9600,2400,0,0,0,7750,1972.56,0,0,0,0,0,0,,0,11111612
HO,Main,11111637,Riyadh,Sales,Muslim,Male,7/23/1983,Key Account Specialist,3,Egyptian,26-Nov-14,Married,2,4500,54000,18000,18000,11520,1800,0,0,0,6000,0,0,0,0,0,0,0,,0,N-1
HO,Main,11111638,Jeddah,Sales,Muslim,Male,1/31/1988,Key Account Specialist,3,Egyptian,8-Sep-14,Married,2,4500,54000,18000,18000,11520,1800,0,0,0,6000,1858.92,0,0,0,0,0,0,,0,11111612
HO,Main,11111639,Madina,Sales,Muslim,Male,8/24/1993,Sales Representative,3,Egyptian,25-Jan-23,Married,1,3500,42000,18000,18000,11520,1800,0,0,0,5000,0,0,0,0,0,0,0,,0,11111612
HO,Main,11111640,Jeddah,Sales,Muslim,Male,9/30/1987,Sales Representative,3,Egyptian,25-Nov-23,Single,0,3750,45000,18000,18000,11520,1800,0,0,0,5250,0,0,0,0,0,0,0,,0,11111612
HO,Main,11111641,Makkah,Supply Chain,Muslim,Male,1/1/1984,Picker,1,Yemeni,10-Aug-16,Single,0,3000,36000,9000,6000,0,0,0,6000,0,3500.1,0,0,0,0,0,0,0,,0,11111771
ho,Main,11111642,Makkah,Supply Chain,Muslim,Male,4/5/1975,Picker,1,Bangladesh,21-Jun-04,Single,0,1600,19200,0,0,0,0,0,6000,0,1866.72,1977.6,0,0,0,0,0,0,,0,11111621
HO,Main,11111643,Makkah,Supply Chain,Muslim,Male,2/3/1992,Labor,1,Bangladesh,2-Sep-18,Single,0,1500,18000,0,0,0,0,0,3600,0,1500,0,0,0,0,0,0,0,,0,11111621
HO,Main,11111644,Makkah,Supply Chain,Muslim,Male,11/18/1987,Forklift Operator,2,Yemeni,30-Sep-20,Single,0,2000,24000,0,9000,0,0,0,0,0,2000,0,0,0,0,0,0,0,,0,11111621
HO,Main,11111645,Makkah,Supply Chain,Muslim,Male,1/1/1984,Forklift Operator,2,Pakistani,24-Jun-20,Single,0,2000,24000,0,9000,0,0,0,0,0,2000,0,0,0,0,0,0,0,,0,11111621
HO,Main,11111646,Makkah,Supply Chain,Muslim,Male,5/7/2002,Labor,1,Indian,9-Oct-23,Single,0,1500,18000,0,0,0,0,0,3600,0,1500,0,0,0,0,0,0,0,,0,11111621
HO,Main,11111647,Makkah,Supply Chain,Muslim,Male,11/5/2000,Labor,1,Bangladesh,27-Jul-23,Single,0,1500,18000,0,0,0,0,0,3600,0,1500,0,0,0,0,0,0,0,,0,11111621
HO,Main,11111648,Makkah,Supply Chain,Muslim,Male,5/8/1992,Labor,1,Indian,27-Sep-22,Single,0,1500,18000,0,0,0,0,0,3600,0,1500,0,0,0,0,0,0,0,,0,11111621
HO,Main,11111649,Jeddah,Gov us,Muslim,Male,1/1/1977,Direct Purchase Manager,6,Egyptian,1-Mar-14,Married,3,26000,312000,78000,36000,11520,3000,0,0,0,32500,8383.56,0,0,0,0,0,0,,0,11112252
HO,Main,11111650,Jeddah,Supply Chain,Muslim,Male,3/10/1995,QA Supervisor,4,Saudi,1-Nov-20,Single,0,11000,132000,33000,18000,5760,2400,0,0,0,13750,0,0,0,0,0,0,0,,0,11112365
HO,Main,11111651,Riyadh,Regulatory Affairs,Muslim,Male,7/12/1998,Regulatory Affairs Officer,3,Saudi,18-Sep-24,Married,0,10000,120000,30000,13200,9600,1800,0,0,0,12500,0,0,0,0,0,0,0,,0,11111670
HO,Main,11111652,Riyadh,Regulatory Affairs,Muslim,Female,5/6/1997,Pharmacovigilance Specialist,3,Saudi,11-Sep-24,Married,0,11000,132000,33000,13200,4800,1800,0,0,0,13750,0,0,0,0,0,0,0,,0,11111670
ho,Main,11111653,Jeddah,Supply Chain,Muslim,Male,4/19/1980,Fleet Manager,5,Palestine,5-Mar-24,Married,2,10000,120000,30000,24000,7680,3000,0,0,0,12500,0,0,0,0,0,0,0,,0,N-1
HO,Main,11111654,Jeddah,Regulatory Affairs,Muslim,Male,9/5/1993,Pharmacovigilance Specialist,3,Saudi,15-Nov-22,Married,0,9500,114000,28500,13200,7200,1800,0,0,0,11875,0,0,0,0,0,0,0,,0,11111670
HO,Main,11111655,Jeddah,Sales,Muslim,Male,4/4/1990,Key Account Manager,5,Egyptian,1-Apr-20,Married,0,15350,184200,65004,36000,6000,4800,0,0,0,20767,0,0,0,0,0,0,0,,0,11112358
HO,Main,11111656,Riyadh,Sales,Muslim,Male,1/1/1970,District Sales Manager,5,Egyptian,1-Apr-21,Married,0,13500,162000,40500,24000,11520,3000,0,0,0,16875,0,0,0,0,0,0,0,,0,11111666
HO,Main,11111657,Jeddah,Sales,Muslim,Male,3/19/1969,Key Account Manager,5,Egyptian,13-Aug-18,Married,0,7000,84000,33996,24000,9600,3000,0,0,0,9833,0,0,0,0,0,0,0,,0,11111665
HO,Main,11111658,Dammam,Sales,Muslim,Male,1/1/1975,Key Account Manager,5,Egyptian,15-May-18,Married,2,7000,84000,33996,24000,9600,3000,0,0,0,9833,0,0,0,0,0,0,0,,0,11111664
ho,Main,11111659,Main WH-Jeddah,Supply Chain,Muslim,Male,12/30/1966,Warehouse Manager,5,Egyptian,22-Dec-92,Married,3,13500,162000,40500,24000,7680,3000,0,0,0,16875,12945.12,0,0,0,0,4,0,,0,N-1
ho,Main,11111660,Riyadh,Gov us,Muslim,Male,8/12/1968,District Sales Manager,5,Sudanese,6-Jun-98,Married,2,10350,124200,31056,24000,9600,3000,0,0,0,12938,8547.96,0,0,0,0,1,0,,0,11111649
ho,Main,11111661,Dammam,Sales,Muslim,Male,1/1/1970,District Sales Manager,5,Egyptian,8-Nov-01,Married,4,12800,153600,38400,24000,11520,3000,0,0,0,16000,10828.68,0,0,0,0,3,0,,0,11112370
ho,Main,11111662,Jeddah,Sales,Muslim,Male,9/27/1975,HC - Regional Sales Manager,6,Egyptian,28-Mar-02,Married,3,19000,228000,57000,36000,11520,3000,0,0,0,23750,14013.72,0,0,0,0,3,0,,0,11112370
ho,Main,11111663,Jeddah,Sales,Muslim,Male,6/17/1977,District Sales Manager,5,Yemeni,1-Apr-02,Married,4,12800,153600,38400,24000,11520,3000,0,0,0,16000,11465.76,0,0,0,0,4,0,,0,11111662
ho,Main,11111664,Dammam,Sales,Muslim,Male,6/15/1976,District Sales Manager,5,Egyptian,26-Oct-02,Married,4,12800,153600,38400,24000,11520,3000,0,0,0,16000,7972.68,0,0,0,0,4,0,,0,11112370
ho,Main,11111665,Jeddah,Sales,Muslim,Male,1/1/1965,District Sales Manager,5,Egyptian,28-May-03,Married,4,15300,183600,48000,24000,11520,3000,0,0,0,19300,17260.2,0,0,0,0,4,0,,0,11111662
ho,Main,11111666,Riyadh,Sales,Muslim,Male,6/2/1961,HC - Regional Sales Manager,6,Egyptian,9-May-09,Married,1,22500,270000,77004,36000,11520,3000,0,0,0,28917,30493.2,0,0,0,0,2,0,,0,11112370
HO,Main,11111667,Jeddah,Supply Chain,Muslim,Male,5/6/1989,Customs Broker,5,Saudi,12-Oct-14,Married,0,12000,144000,36000,24000,7680,3000,0,0,0,15000,0,0,0,0,0,0,0,,0,11112364
HO,Main,11111668,Dammam,Sales,Muslim,Male,1/1/1969,Key Account Manager,5,Egyptian,1-Jun-16,Married,2,7000,84000,21000,24000,11520,3000,0,0,0,8750,0,0,0,0,0,0,0,,0,11111664
HO,Main,11111669,Riyadh,Regulatory Affairs,Muslim,Male,5/15/1973,"Regulatory , Medical and R&D Director",7,Egyptian,3-Mar-25,Married,1,59179,710148,177540,71016,0,12000,0,0,0,45000,0,0,0,0,0,0,0,,0,N-1
HO,Main,11111670,Riyadh,Regulatory Affairs,Muslim,Male,12/1/1980,Regulatory Affairs Director,7,Saudi,11-Aug-24,Married,0,35500,426000,106500,42000,11520,4800,0,0,0,44375,0,0,0,0,0,0,0,,0,11111669
ho,Main,11111671,Jeddah,Sales,Muslim,Male,9/9/1971,Sales Supervisor,4,Egyptian,25-Mar-02,Married,3,7000,84000,21876,18000,11520,2400,0,0,0,8823,7962.48,0,0,0,0,4,0,,0,11111663
ho,Main,11111672,Dammam,Sales,Muslim,Male,1/9/1973,Sales Supervisor,4,Egyptian,11-May-05,Married,3,6500,78000,21000,18000,9600,2400,0,0,0,8250,7006.92,0,0,0,0,0,0,,0,11111664
ho,Main,11111673,Madina,Sales,Muslim,Male,1/1/1980,Sales Supervisor,4,Egyptian,14-Mar-05,Married,2,6500,78000,21000,18000,11520,2400,0,0,0,8250,7006.8,0,0,0,0,3,0,,0,11111662
ho,Main,11111674,Dammam,Sales,Muslim,Male,11/23/1981,Sales Supervisor,4,Egyptian,11-Mar-07,Married,2,6000,72000,21000,18000,11520,2400,0,0,0,7750,4191.72,0,0,0,0,0,0,,0,11111661
ho,Main,11111675,Dammam,Sales,Muslim,Male,9/27/1977,Key Account Specialist,3,Egyptian,3-Mar-07,Married,2,4300,51600,18000,18000,11520,1800,0,0,0,5800,3945.24,0,0,0,0,0,0,,0,11111680
ho,Main,11111676,Riyadh,Sales,Muslim,Male,12/3/1983,Sales Supervisor,4,Egyptian,20-Mar-07,Married,2,6500,78000,21000,18000,11520,2400,0,0,0,8250,7006.68,0,0,0,0,0,0,,0,11111656
ho,Main,11111677,Dammam,Sales,Muslim,Male,11/16/1979,Sales Representative,3,Egyptian,25-Mar-07,Married,2,4000,48000,18000,18000,9600,1800,0,0,0,5500,4191.84,0,0,0,0,0,0,,0,11111674
ho,Main,11111678,Main WH-Riyadh,Supply Chain,Muslim,Male,5/14/1979,Store Keeper,3,Egyptian,3-Jun-07,Single,0,7000,84000,21000,13200,0,0,0,0,0,8750,6263.04,0,0,0,0,0,0,,0,11111683
ho,Main,11111679,Jeddah,Sales,Muslim,Male,1/1/1973,Sales Supervisor,4,Egyptian,10-Jan-03,Married,4,7500,90000,23400,18000,9600,2400,0,0,0,9450,7972.56,0,0,0,0,3,0,,0,11111665
ho,Main,11111680,Dammam,Sales,Muslim,Male,7/4/1978,Sales Supervisor,4,Egyptian,10-Jan-03,Married,3,5500,66000,21000,18000,11520,2400,0,0,0,7250,4191.72,0,0,0,0,2,0,,0,11111664
ho,Main,11111681,Jeddah,Sales,Muslim,Male,10/10/1976,Sales Supervisor,4,Egyptian,22-Dec-02,Married,2,6900,82800,21600,18000,9600,2400,0,0,0,8700,7315.08,0,0,0,0,3,0,,0,11111665
ho,Main,11111682,Jeddah,Sales,Muslim,Male,3/25/1972,Sales Supervisor,4,Egyptian,19-Jan-03,Married,2,6900,82800,21600,18000,9600,2400,0,0,0,8700,7315.08,0,0,0,0,3,0,,0,11111665
ho,Main,11111683,Riyadh,Supply Chain,Muslim,Male,2/2/1975,Warehouse Supervisor,4,Egyptian,1-Feb-03,Married,0,11000,132000,33000,18000,0,2400,0,0,0,13750,6263.04,0,0,0,0,0,0,,0,N-1
ho,Main,11111684,Jeddah,Sales,Muslim,Male,8/30/1961,Key Account Specialist,3,Palestine,26-Aug-97,Married,1,6000,72000,18000,18000,9600,1800,0,0,0,7500,5424.6,0,0,0,0,1,0,,0,11111665
ho,Main,11111685,Khamis,Sales,Muslim,Male,1/1/1969,Sales Supervisor,4,Egyptian,21-Dec-98,Married,4,7000,84000,21996,18000,14400,2400,0,0,0,8833,7972.56,0,0,0,0,3,0,,0,11111662
ho,Main,11111686,Main WH-Jeddah,Supply Chain,Muslim,Male,1/1/1964,Assistant Store Keeper,3,Bangladesh,20-Oct-93,Single,0,3400,40800,12000,13200,0,0,0,0,0,4400,4241.16,0,0,0,0,0,0,,0,11111771
ho,Main,11111687,Dammam,Sales,Muslim,Male,7/22/1964,Key Account Specialist,3,Egyptian,3-Oct-99,Married,5,4500,54000,18000,18000,11520,1800,0,0,0,6000,4191.84,0,0,0,0,0,0,,0,11111674
HO,Main,11111688,Bahra Warehouse,Facility,Muslim,Male,1/13/1981,Safety and Support Supervisor,4,Saudi,14-May-12,Single,0,4000,48000,24000,18000,5760,2400,0,0,0,6000,2613.72,0,0,0,0,0,0,,0,11112405
ho,Main,11111689,Khamis,Supply Chain,Muslim,Male,11/27/1985,QA Specialist,3,Saudi,26-May-12,Single,0,9000,108000,27000,13200,5760,1800,0,0,0,11250,4191.72,0,0,0,0,0,0,,0,11112365
HO,Main,11111690,Main WH-Jeddah,Supply Chain,Others,Male,10/4/1969,Assistant Store Keeper,3,Philippines,24-Feb-12,Single,0,3400,40800,12000,13200,0,0,0,0,0,4400,2120.52,0,0,0,0,0,0,,0,11111659
ho,Main,11111691,Dammam,Sales,Muslim,Male,9/2/1982,Sales Representative,3,Egyptian,1-Jan-12,Married,3,4000,48000,18000,18000,11520,1800,0,0,0,5500,2589,0,0,0,0,0,0,,0,11111680
ho,Main,11111692,Madina,Sales,Muslim,Male,9/25/1983,Sales Representative,3,Egyptian,26-Dec-11,Married,3,4000,48000,18000,18000,8640,1800,0,0,0,5500,2589,0,0,0,0,0,0,,0,11111673
HO,Main,11111693,Riyadh,Supply Chain,Christian,Male,4/30/1973,Store Keeper,3,Philippines,1-Feb-12,Single,0,6000,72000,18000,13200,0,0,0,0,0,7500,2712.24,0,0,0,0,0,0,,0,11111683
HO,Main,11111694,Jeddah,Supply Chain,Muslim,Male,9/4/1976,Assistant Store Keeper,3,Philippines,28-Jan-12,Single,0,3500,42000,0,0,0,0,0,0,0,4083.45,1161.84,0,0,0,0,0,0,,0,11111752
ho,Main,11111695,Jeddah,Sales,Muslim,Male,1/17/1985,Sales Representative,3,Saudi,5-Jun-11,Married,0,4000,48000,24000,18000,8640,1800,0,0,0,6000,2958.84,0,0,0,0,1,0,,0,11111665
ho,Main,11111696,Jeddah,Commercial,Muslim,Male,5/31/1982,Merchandising Supervisor,4,Saudi,1-Jan-12,Married,2,4500,54000,24000,18000,6000,2400,0,0,0,6500,3205.56,0,0,0,0,0,0,,0,11112363
ho,Main,11111697,Dammam,Supply Chain,Muslim,Male,1/15/1983,Store Keeper,3,Egyptian,15-Sep-10,Single,0,4750,57000,14256,13200,0,0,0,0,0,5938,1664.4,0,0,0,0,0,0,,0,11111714
ho,Main,11111698,Main WH-Jeddah,Supply Chain,Muslim,Male,10/26/1990,Senior Data Entry,3,Yemeni,7-Nov-10,Single,0,6000,72000,18000,13200,0,0,0,0,0,7500,2638.32,0,0,0,0,0,0,,0,11112360
ho,Main,11111699,Jeddah,Sales,Muslim,Male,4/7/1986,Sales Representative,3,Saudi,9-Jul-11,Married,0,4000,48000,24000,18000,8640,1800,0,0,0,6000,2958.84,0,0,0,0,1,0,,0,11111665
ho,Main,11111700,Jeddah,Sales,Muslim,Male,5/1/1989,Sales Representative,3,Palestine,12-Sep-11,Married,1,4000,48000,18000,18000,9600,1800,0,0,0,5500,2589.12,0,0,0,0,0,0,,0,11111663
ho,Main,11111701,Jeddah,Supply Chain,Muslim,Male,5/15/1980,Data Entry,3,Saudi,1-Oct-11,Married,1,5000,60000,24000,13200,0,0,0,0,0,7000,3205.44,0,0,0,0,0,0,,0,11112360
ho,Main,11111702,Khamis,Sales,Muslim,Male,1/25/1986,Key Account Specialist,3,Egyptian,1-Jan-12,Married,0,4200,50400,18000,18000,14400,1800,0,0,0,5700,2589,0,0,0,0,0,0,,0,11111662
ho,Main,11111703,Jeddah,Sales,Muslim,Male,7/21/1986,Key Account Specialist,3,Egyptian,1-Jan-12,Married,2,4200,50400,18000,18000,8640,1800,0,0,0,5700,2589,0,0,0,0,0,0,,0,11111665
ho,Main,11111704,Jeddah,Sales,Muslim,Male,10/18/1986,Key Account Specialist,3,Egyptian,1-Jan-12,Married,1,4200,50400,18000,18000,9600,1800,0,0,0,5700,2589,0,0,0,0,0,0,,0,11111663
ho,Main,11111705,Khamis,Sales,Muslim,Male,8/17/1982,Sales Representative,3,Egyptian,1-Jan-12,Married,4,4000,48000,18000,18000,14400,1800,0,0,0,5500,2589,0,0,0,0,0,0,,0,11111662
ho,Main,11111706,Khamis,Sales,Muslim,Male,9/7/1984,Sales Representative,3,Egyptian,1-Jan-12,Single,0,4000,48000,18000,18000,14400,1800,0,0,0,5500,2589,0,0,0,0,0,0,,0,11111662
ho,Main,11111707,Khamis,Sales,Muslim,Male,8/1/1981,Key Account Specialist,3,Egyptian,1-Jan-12,Married,1,4200,50400,18000,18000,14400,1800,0,0,0,5700,2589,0,0,0,0,0,0,,0,11111662
ho,Main,11111708,Riyadh,Sales,Muslim,Male,8/20/1978,Sales Supervisor,4,Egyptian,1-Jan-12,Married,2,6000,72000,21000,18000,9600,2400,0,0,0,7750,1972.56,0,0,0,0,0,0,,0,11111656
ho,Main,11111709,Riyadh,Sales,Muslim,Male,12/16/1984,Sales Supervisor,4,Egyptian,1-Jan-12,Married,2,5500,66000,21000,18000,11520,2400,0,0,0,7250,2589,0,0,0,0,0,0,,0,11111656
ho,Main,11111710,Riyadh,Sales,Muslim,Male,1/1/1982,Sales Representative,3,Egyptian,1-Jan-12,Married,1,4000,48000,18000,18000,8640,1800,0,0,0,5500,2589,0,0,0,0,0,0,,0,11111656
ho,Main,11111711,Riyadh,Sales,Muslim,Male,8/19/1984,Sales Supervisor,4,Egyptian,1-Jan-12,Married,2,5500,66000,18000,18000,8640,2400,0,0,0,7000,2589,0,0,0,0,0,0,,0,11111656
ho,Main,11111712,Main WH-Riyadh,Supply Chain,Muslim,Male,4/26/1974,Warehouse Supervisor,4,Jordanian,11-Jul-09,Married,5,11000,132000,33000,18000,9600,2400,0,0,0,13750,11712.24,0,0,0,0,3,0,,0,11112244
ho,Main,11111713,Jeddah,Sales,Muslim,Male,11/1/1977,Key Account Specialist,3,Egyptian,7-Jun-09,Married,4,4300,51600,18000,18000,8640,1800,0,0,0,5800,3945.12,0,0,0,0,0,0,,0,11111665
ho,Main,11111714,Main WH-Dammam,Supply Chain,Muslim,Male,6/2/1978,Warehouse Supervisor,4,Egyptian,7-Oct-08,Married,2,11000,132000,33000,18000,9600,2400,0,0,0,13437.5,10479.48,0,0,0,0,2,0,,0,N-1
ho,Main,11111715,Jeddah,Sales,Muslim,Male,7/7/1973,Key Account Specialist,3,Egyptian,8-Apr-08,Married,2,4300,51600,18000,18000,9600,1800,0,0,0,5800,4191.84,0,0,0,0,0,0,,0,11111665
ho,Main,11111716,Dammam,Supply Chain,Muslim,Male,10/1/1983,Assistant Store Keeper,3,Egyptian,10-Aug-09,Single,0,4000,48000,12000,13200,0,0,0,0,0,5000,3328.8,0,0,0,0,0,0,,0,11111714
ho,Main,11111717,Khamis,Sales,Muslim,Male,5/1/1978,Key Account Specialist,3,Egyptian,5-Oct-09,Married,4,4300,51600,18000,18000,14400,1800,0,0,0,5800,2342.52,0,0,0,0,0,0,,0,11111662
ho,Main,11111718,Riyadh,Sales,Muslim,Male,11/4/1984,Key Account Specialist,3,Egyptian,31-Oct-09,Married,2,4200,50400,18000,18000,11520,1800,0,0,0,5700,1972.68,0,0,0,0,0,0,,0,11111666
ho,Main,11111719,Dammam,Sales,Muslim,Male,12/23/1985,Sales Representative,3,Egyptian,31-Oct-09,Married,2,4000,48000,18000,18000,11520,1800,0,0,0,5500,1972.68,0,0,0,0,0,0,,0,11111680
ho,Main,11111720,Riyadh,Sales,Muslim,Male,10/1/1983,Sales Supervisor,4,Egyptian,31-Oct-09,Married,2,6500,78000,21000,18000,9600,2400,0,0,0,8250,3503.52,0,0,0,0,0,0,,0,11111656
ho,Main,11111721,Jeddah,Sales,Muslim,Male,8/17/1971,Sales Representative,3,Egyptian,31-Oct-09,Married,3,4000,48000,18000,18000,8640,1800,0,0,0,5500,1972.68,0,0,0,0,0,0,,0,11111665
ho,Main,11111722,Jeddah,Sales,Muslim,Male,6/1/1982,Key Account Specialist,3,Egyptian,31-Oct-09,Married,2,4200,50400,18000,18000,9600,1800,0,0,0,5700,1972.68,0,0,0,0,0,0,,0,11111663
ho,Main,11111723,Jeddah,Sales,Muslim,Male,11/1/1985,Key Account Specialist,3,Egyptian,31-Oct-09,Married,0,4300,51600,18000,18000,8640,1800,0,0,0,5800,1972.68,0,0,0,0,0,0,,0,11111665
HO,Main,11111724,Jeddah,Supply Chain,Muslim,Male,9/9/1984,Facilities Officer,3,Egyptian,13-Feb-10,Married,1,5500,66000,16500,13200,5760,1200,0,0,0,6875,2880,0,0,0,0,0,0,,0,11111854
HO,Main,11111725,Jeddah,Supply Chain,Muslim,Male,9/14/1988,Stock control supervisor,4,Egyptian,11-Oct-16,Single,0,8000,96000,24000,18000,0,2400,0,0,0,10000,0,0,0,0,0,0,0,,0,11112360
ho,Main,11111726,Madina,Supply Chain,Muslim,Male,6/8/1988,QA Specialist,3,Indian,25-Oct-16,Married,1,7000,84000,21000,13200,5760,1800,0,0,0,8750,0,0,0,0,0,0,0,,0,11112365
ho,Main,11111727,Khamis,Sales,Muslim,Male,3/19/1981,Sales Representative,3,Egyptian,27-Sep-16,Married,0,4000,48000,18000,18000,14400,1800,0,0,0,5500,0,0,0,0,0,0,0,,0,11111662
HO,Main,11111728,Riyadh,Sales,Muslim,Male,2/5/1988,Sales Representative,3,Egyptian,2-Oct-16,Married,2,4000,48000,18000,18000,9600,1800,0,0,0,5500,0,0,0,0,0,0,0,,0,11111656
HO,Main,11111729,Dammam,Supply Chain,Muslim,Male,1/1/1990,Store Keeper,3,Egyptian,2-Oct-16,Single,0,4000,48000,12000,13200,0,0,0,0,0,5000,0,0,0,0,0,0,0,,0,11111714
HO,Main,11111730,Riyadh,Supply Chain,Muslim,Male,12/11/1985,Assistant Store Keeper,3,Egyptian,2-Oct-16,Single,0,5000,60000,15000,13200,0,0,0,0,0,6250,0,0,0,0,0,0,0,,0,11112244
HO,Main,11111731,Jeddah,Supply Chain,Muslim,Male,1/1/1990,Store Keeper,3,Egyptian,2-Oct-16,Single,0,5250,63000,15756,13200,0,0,0,0,0,6563,0,0,0,0,0,0,0,,0,11111659
HO,Main,11111732,Riyadh,Supply Chain,Muslim,Male,1/1/1990,QA Supervisor,4,Egyptian,2-Oct-16,Married,2,11000,132000,33000,18000,5760,2400,0,0,0,13750,0,0,0,0,0,0,0,,0,11112365
HO,Main,11111733,Jeddah,Supply Chain,Muslim,Male,4/2/1975,Assistant Store Keeper,3,Egyptian,9-Jun-16,Single,0,3500,42000,12000,13200,0,0,0,0,0,4500,0,0,0,0,0,0,0,,0,11111659
HO,Main,11111734,Dammam,Supply Chain,Muslim,Male,5/6/1989,Fleet Officer,3,Saudi,6-Dec-15,Single,0,3900,46800,24000,13200,0,0,0,0,0,5900,0,0,0,0,0,0,0,,0,11111653
HO,Main,11111735,Madina,Supply Chain,Muslim,Male,9/8/1990,Store Keeper,3,Saudi,30-Dec-15,Single,0,7000,84000,24000,13200,0,0,0,0,0,9000,0,0,0,0,0,0,0,,0,11111659
HO,Main,11111736,Jeddah,Supply Chain,Muslim,Male,1/4/1988,Assistant Store Keeper,3,Saudi,1-Apr-15,Single,0,3500,42000,24000,13200,3840,0,0,0,0,5500,0,0,0,0,0,0,0,,0,11111659
HO,Main,11111737,Riyadh,Supply Chain,Muslim,Male,12/20/1985,Clearance Officer,3,Pakistani,7-Jun-15,Single,0,7000,84000,21000,13200,5760,1800,0,0,0,8750,0,0,0,0,0,0,0,,0,11112269
HO,Main,11111738,Jeddah,Supply Chain,Muslim,Male,8/29/1988,Clearance Supervisor,4,Saudi,1-Jul-15,Single,0,10000,120000,30000,18000,7680,2400,0,0,0,12500,0,0,0,0,0,0,0,,0,11112366
HO,Main,11111739,Jeddah,Gov us,Muslim,Male,12/8/1988,Direct Purchase Supervisor,4,Saudi,13-Jul-14,Single,0,7500,90000,24000,18000,7680,2400,0,0,0,9500,3328.8,0,0,0,0,0,0,,0,11111865
ho,Main,11111740,Dammam,Gov us,Muslim,Male,8/3/1985,Direct Purchase Representative,3,Saudi,1-Apr-15,Single,0,6000,72000,24000,13200,7680,1800,0,0,0,8000,0,0,0,0,0,0,0,,0,11111660
ho,Main,11111741,Khamis,Supply Chain,Muslim,Male,11/5/1986,Assistant Store Keeper,3,Saudi,13-Apr-15,Single,0,3000,36000,24000,13200,3840,0,0,0,0,5000,0,0,0,0,0,0,0,,0,11112258
HO,Main,11111742,Dammam,Facility,Muslim,Male,2/10/1976,Safety and Support Supervisor,4,Saudi,7-May-15,Single,0,4000,48000,24000,18000,3600,2400,0,0,0,6000,0,0,0,0,0,0,0,,0,11112405
ho,Main,11111743,Riyadh,Supply Chain,Muslim,Male,8/11/1987,Assistant Store Keeper,3,Egyptian,22-Apr-13,Single,0,4500,54000,13500,13200,0,0,0,0,0,5625,1874.04,0,0,0,0,0,0,,0,11112244
ho,Main,11111744,Khamis,Facility,Muslim,Male,7/17/1985,Safety and Support Supervisor,4,Saudi,5-Nov-12,Single,0,4000,48000,15000,18000,5760,2400,0,0,0,5250,2243.88,0,0,0,0,0,0,,0,11112405
ho,Main,11111745,Jeddah,Sales,Muslim,Male,1/1/1980,Sales Representative,3,Egyptian,9-Oct-12,Married,2,4000,48000,18000,18000,8640,1800,0,0,0,5500,2589.12,0,0,0,0,0,0,,0,11111665
ho,Main,11111746,Dammam,Sales,Muslim,Male,3/6/1987,Key Account Specialist,3,Saudi,25-Aug-12,Single,0,4200,50400,24000,18000,11520,1800,0,0,0,6200,2958.96,0,0,0,0,0,0,,0,11111672
ho,Main,11111747,Jeddah,Sales,Muslim,Male,4/10/1986,Sales Representative,3,Saudi,24-Jun-12,Single,0,4000,48000,24000,18000,8640,1800,0,0,0,6000,2958.96,0,0,0,0,0,0,,0,11111665
ho,Main,11111748,Riyadh,Sales,Muslim,Male,8/11/1984,Sales Representative,3,Egyptian,10-Jun-13,Single,0,4000,48000,18000,18000,9600,1800,0,0,0,5500,1972.56,0,0,0,0,0,0,,0,11111666
ho,Main,11111749,Jeddah,Sales,Muslim,Male,6/10/1987,Sales Supervisor,4,Egyptian,4-Jun-13,Single,0,5500,66000,18000,18000,11520,2400,0,0,0,7000,1972.68,0,0,0,0,0,0,,0,11111665
ho,Main,11111750,Khamis,Sales,Muslim,Male,11/3/1987,Key Account Specialist,3,Egyptian,10-Jun-13,Married,2,4200,50400,18000,18000,14400,1800,0,0,0,5700,1972.56,0,0,0,0,0,0,,0,11111662
ho,Main,11111751,Riyadh,Sales,Muslim,Male,6/9/1984,Sales Supervisor,4,Egyptian,4-Jun-13,Married,2,5500,66000,18000,18000,9600,1800,0,0,0,6690,1972.68,0,0,0,0,0,0,,0,11111656
ho,Main,11111752,Jeddah,Supply Chain,Muslim,Male,8/28/1979,Store Keeper,3,Philippines,1-Jun-13,Single,0,5000,60000,15000,13200,0,0,0,0,0,6250,2465.76,0,0,0,0,0,0,,0,11111659
ho,Main,11111753,Jeddah,Sales,Muslim,Male,9/18/1982,Sales Representative,3,Egyptian,3-Jun-13,Married,2,4000,48000,18000,18000,8640,1800,0,0,0,5500,1972.56,0,0,0,0,0,0,,0,11111665
ho,Main,11111754,Jeddah,Sales,Muslim,Male,7/10/1985,Sales Representative,3,Egyptian,3-Jun-13,Married,2,4000,48000,18000,18000,8640,1800,0,0,0,5500,1972.56,0,0,0,0,0,0,,0,11111665
ho,Main,11111755,Madina,Sales,Muslim,Male,1/22/1990,Sales Representative,3,Egyptian,3-Jun-13,Single,0,4000,48000,18000,18000,8640,1800,0,0,0,5500,1972.56,0,0,0,0,0,0,,0,11111673
ho,Main,11111756,Riyadh,Supply Chain,Muslim,Male,4/3/1985,Assistant Store Keeper,3,Egyptian,15-Jun-13,Single,0,5000,60000,15000,13200,0,0,0,0,0,6250,1873.92,0,0,0,0,0,0,,0,11111683
ho,Main,11111757,Jeddah,Sales,Muslim,Male,10/21/1991,Sales Supervisor,4,Egyptian,1-Jun-13,Single,0,5500,66000,18000,18000,8640,2400,0,0,0,7250,1972.56,0,0,0,0,0,0,,0,11111665
ho,Main,11111758,Jeddah,Sales,Muslim,Male,10/1/1982,Key Account Specialist,3,Egyptian,1-Jun-13,Married,2,4200,50400,18000,18000,11520,1800,0,0,0,5700,1972.56,0,0,0,0,0,0,,0,11111749
ho,Main,11111759,Main WH-Jeddah,Supply Chain,Muslim,Male,6/30/1982,Assistant Store Keeper,3,Saudi,1-Oct-13,Married,2,3400,40800,24000,13200,0,0,0,0,0,5400,2761.68,0,0,0,0,3,0,,0,11111659
ho,Main,11111760,Jeddah,Sales,Muslim,Male,10/18/1982,Sales Representative,3,Yemeni,10-Sep-13,Married,2,4000,48000,18000,18000,9600,1800,0,0,0,5500,1972.56,0,0,0,0,0,0,,0,11111665
ho,Main,11111761,Dammam,Gov us,Muslim,Male,12/21/1992,Direct Purchase Supervisor,4,Saudi,13-Feb-13,Married,0,7500,90000,24000,18000,7680,2400,0,0,0,9500,3328.68,0,0,0,0,1,0,,0,11111660
ho,Main,11111762,Riyadh,Sales,Muslim,Male,2/15/1983,Sales Representative,3,Egyptian,19-Nov-13,Married,0,4000,48000,18000,18000,9600,1800,0,0,0,5500,1972.68,0,0,0,0,0,0,,0,11111666
ho,Main,11111763,Dammam,Sales,Muslim,Male,6/18/1987,Sales Representative,3,Egyptian,12-Nov-13,Married,1,4000,48000,18000,18000,11520,1800,0,0,0,5500,1972.56,0,0,0,0,0,0,,0,11111674
ho,Main,11111764,Madina,Sales,Muslim,Male,1/22/1985,Sales Representative,3,Egyptian,18-Nov-13,Married,2,4000,48000,18000,18000,9600,1800,0,0,0,5500,2589.12,0,0,0,0,0,0,,0,11111673
ho,Main,11111765,Jeddah,Supply Chain,Muslim,Male,12/12/1967,Store Keeper,3,Egyptian,5-Feb-14,Married,4,4000,48000,12000,13200,0,0,0,0,0,5000,2465.76,0,0,0,0,0,0,,0,N-1
ho,Main,11111766,Jeddah,Gov us,Muslim,Male,7/9/1988,Direct Purchase Representative,3,Saudi,15-Apr-14,Married,0,6000,72000,24000,13200,7680,1800,0,0,0,8000,3328.8,0,0,0,0,0,0,,0,11111865
HO,Main,11111767,Riyadh,Gov us,Muslim,Male,10/1/1989,Direct Purchase Supervisor,4,Saudi,23-Jun-14,Single,0,8510,102120,25536,18000,9600,2400,0,0,0,10638,2958.96,0,0,0,0,0,0,,0,11111660
HO,Main,11111768,Jeddah,Supply Chain,Muslim,Male,4/24/1982,QA Officer,3,Saudi,1-Apr-14,Single,0,6000,72000,18000,13200,5760,0,0,0,0,7500,2958.96,0,0,0,0,0,0,,0,11112365
HO,Main,11111769,Riyadh,Sales,Muslim,Male,10/15/1988,Sales Representative,3,Egyptian,31-Aug-14,Married,2,4000,48000,18000,18000,9600,1800,0,0,0,5500,1479.48,0,0,0,0,0,0,,0,11111666
HO,Main,11111770,Jeddah,Gov us,Muslim,Male,6/9/1993,Marketing Specialist,3,Saudi,1-Sep-22,Married,0,6000,72000,24000,13200,7680,1800,0,0,0,8000,0,0,0,0,0,0,0,,0,11111865
HO,Main,11111771,Jeddah,Supply Chain,Christian,Male,10/23/1981,Store Keeper,3,Philippines,1-Sep-22,Single,0,5000,60000,15000,13200,0,0,0,0,0,6312.5,0,0,0,0,0,0,0,,0,11111659
HO,Main,11111772,Riyadh,Gov us,Muslim,Male,11/25/1991,Direct Purchase Supervisor,4,Saudi,28-Aug-22,Married,0,7500,90000,24000,18000,7680,2400,0,0,0,9500,0,0,0,0,0,0,0,,0,11111660
HO,Main,11111773,Riyadh,Supply Chain,Muslim,Male,1/15/1982,Assistant Store Keeper,3,Yemeni,30-Aug-22,Single,0,3400,40800,12000,13200,0,0,0,0,0,4400,0,0,0,0,0,0,0,,0,11111683
HO,Main,11111774,Riyadh,Supply Chain,Muslim,Male,11/8/1980,Clearance Supervisor,3,Saudi,4-Sep-22,Married,0,8000,96000,24000,18000,5760,2400,0,0,0,10000,0,0,0,0,0,0,0,,0,11112364
HO,Main,11111775,Jeddah,Supply Chain,Muslim,Female,1/9/1997,Clearance Supervisor,4,Saudi,20-Sep-22,Single,0,9000,108000,27000,18000,9600,2400,0,0,0,11250,0,0,0,0,0,0,0,,0,11112364
HO,Main,11111776,Jeddah,Supply Chain,Muslim,Male,2/15/1998,Assistant Store Keeper,3,Indian,11-Oct-22,Single,0,3500,42000,10500,13200,0,0,0,0,0,4375,0,0,0,0,0,0,0,,0,11111659
HO,Main,11111777,Jeddah,Supply Chain,Muslim,Female,9/27/1998,QA Specialist,3,Saudi,27-Sep-22,Single,0,8000,96000,24000,13200,5760,1800,0,0,0,10000,0,0,0,0,0,0,0,,0,11112365
HO,Main,11111778,Riyadh,Supply Chain,Muslim,Male,6/14/1991,Maintenance Officer,3,Pakistani,14-Nov-22,Single,0,5000,60000,15000,13200,4800,1200,0,0,0,6250,0,0,0,0,0,0,0,,0,11112367
HO,Main,11111779,Jeddah,Supply Chain,Muslim,Male,6/12/1994,Warehouse Manager,4,Saudi,8-May-22,Single,0,9000,108000,27000,18000,5760,2400,0,0,0,11250,0,0,0,0,0,0,0,,0,N-1
HO,Main,11111780,Riyadh,Regulatory Affairs,Muslim,Male,3/22/1981,Regulatory Affairs Assistance,3,Saudi,1-Mar-22,Married,0,11500,138000,34500,13200,9600,0,0,0,0,14375,0,0,0,0,0,0,0,,0,11111670
HO,Main,11111781,Riyadh,Sales,Muslim,Male,9/21/1992,Sales Representative,3,Egyptian,15-Mar-22,Single,0,3500,42000,18000,18000,8640,1800,0,0,0,5000,0,0,0,0,0,0,0,,0,11111656
ho,Main,11111782,Bahra Warehouse,Supply Chain,Muslim,Male,7/26/1993,Warehouse Systems Control Supervisor,4,Saudi,3-Apr-22,Single,0,8000,96000,24000,18000,0,2400,0,0,0,10000,0,0,0,0,0,0,0,,0,11112360
HO,Main,11111783,Jeddah,Supply Chain,Muslim,Male,6/28/1998,Assistant Store Keeper,3,Indian,2-Jun-22,Single,0,4000,48000,12000,13200,5760,0,0,0,0,5000,0,0,0,0,0,0,0,,0,11112360
ho,Main,11111784,Riyadh,Sales,Muslim,Male,5/2/1990,Sales Representative,3,Egyptian,1-Jul-22,Single,0,3500,42000,18000,18000,8640,1800,0,0,0,5000,0,0,0,0,0,0,0,,0,11111656
HO,Main,11111785,Riyadh,Sales,Muslim,Male,9/17/1989,Sales Representative,3,Egyptian,1-Jul-22,Single,0,3500,42000,18000,18000,8640,1800,0,0,0,5000,0,0,0,0,0,0,0,,0,11111656
HO,Main,11111786,Dammam,Sales,Muslim,Male,7/23/1994,Sales Representative,3,Saudi,19-Jul-22,Single,0,3500,42000,18000,18000,8640,1800,0,0,0,5000,0,0,0,0,0,0,0,,0,11111680
HO,Main,11111787,Riyadh,Sales,Muslim,Male,2/20/1989,Key Account Specialist,3,Egyptian,1-Aug-22,Single,0,4200,50400,18000,18000,8640,1800,0,0,0,5700,0,0,0,0,0,0,0,,0,11111656
HO,Main,11111788,Riyadh,Gov us,Muslim,Male,6/27/1999,Direct Purchase Representative,3,Saudi,2-Aug-22,Single,0,6000,72000,18000,13200,7680,1800,0,0,0,7500,0,0,0,0,0,0,0,,0,11111660
HO,Main,11111789,Jeddah,Sales,Muslim,Male,8/9/1989,Sales Representative,3,Egyptian,1-Jul-22,Single,0,3500,42000,18000,18000,8640,1800,0,0,0,5000,0,0,0,0,0,0,0,,0,11111749
HO,Main,11111790,Riyadh,Supply Chain,Muslim,Male,9/16/1992,Assistant Store Keeper,3,Egyptian,13-Aug-23,Single,0,4000,48000,12000,13200,0,0,0,0,0,5000,0,0,0,0,0,0,0,,0,11111683
ho,Main,11111791,Jeddah,Supply Chain,Muslim,Male,3/25/1989,Assistant Store Keeper,3,Egyptian,4-Jun-23,Single,0,4000,48000,12000,13200,0,0,0,0,0,5000,0,0,0,0,0,0,0,,0,11111659
HO,Main,11111792,Jeddah,Supply Chain,Muslim,Male,2/11/1988,Maintenance Officer,3,Pakistani,25-May-23,Single,0,5000,60000,15000,13200,5760,1200,0,0,0,6250,0,0,0,0,0,0,0,,0,11111854
ho,Main,11111793,Riyadh,Gov us,Muslim,Male,4/19/1995,Marketing Specialist,3,Saudi,2-Jul-23,Single,0,6000,72000,24000,13200,7680,1800,0,0,0,8000,0,0,0,0,0,0,0,,0,11111660
HO,Main,11111794,Jeddah,Sales,Muslim,Male,9/8/1990,Sales Representative,3,Egyptian,2-Jul-23,Married,2,3500,42000,18000,18000,8640,1800,0,0,0,5000,0,0,0,0,0,0,0,,0,11111665
HO,Main,11111795,Jeddah,Supply Chain,Muslim,Male,10/7/2002,Stock Analyst,3,Saudi,1-Aug-23,Single,0,5200,62400,15600,13200,0,0,0,0,0,6500,0,0,0,0,0,0,0,,0,11112244
HO,Main,11111796,Jeddah,Supply Chain,Muslim,Male,5/30/1971,Demand Planner,3,Egyptian,1-Aug-23,Single,0,11000,132000,33000,13200,0,1800,0,0,0,13750,0,0,0,0,0,0,0,,0,11112362
HO,Main,11111797,Riyadh,Sales,Muslim,Male,9/17/1991,Sales Representative,3,Egyptian,28-Mar-23,Married,0,3500,42000,18000,18000,8640,1800,0,0,0,5000,0,0,0,0,0,0,0,,0,11111656
HO,Main,11111798,Riyadh,Sales,Muslim,Male,6/19/1987,Sales Representative,3,Egyptian,1-Jan-23,Single,0,3500,42000,18000,18000,8640,1800,0,0,0,5000,0,0,0,0,0,0,0,,0,11111656
HO,Main,11111799,Jeddah,Supply Chain,Muslim,Male,5/24/1986,Vehicle Maintenance Specialist,3,Egyptian,16-May-23,Single,0,5000,60000,15000,13200,5760,1800,0,0,0,6250,0,0,0,0,0,0,0,,0,11111653
HO,Main,11111800,Dammam,Sales,Muslim,Male,10/7/1990,Sales Representative,3,Egyptian,1-May-23,Single,0,3500,42000,18000,18000,8640,1800,0,0,0,5000,0,0,0,0,0,0,0,,0,11111672
HO,Main,11111801,Riyadh,Supply Chain,Muslim,Male,8/1/1994,Assistant Store Keeper,3,Egyptian,2-Apr-23,Married,0,4000,48000,12000,13200,0,0,0,0,0,5000,0,0,0,0,0,0,0,,0,11111678
HO,Main,11111802,Jeddah,Supply Chain,Muslim,Male,9/15/1975,Stock Analyst,3,Lebanese,13-Apr-23,Single,0,5000,60000,15000,13200,5760,0,0,0,0,6250,0,0,0,0,0,0,0,,0,11112360
HO,Main,11111803,Jeddah,Sales,Muslim,Male,4/22/1992,Sales Representative,3,Saudi,1-May-23,Single,0,3500,42000,18000,18000,8640,1800,0,0,0,5000,0,0,0,0,0,0,0,,0,11111757
HO,Main,11111804,Riyadh,Supply Chain,Muslim,Male,6/18/1993,Narcotic Storekeeper,4,Saudi,4-Feb-24,Married,0,8500,102000,25500,18000,5760,2400,0,0,0,10625,0,0,0,0,0,0,0,,0,11112244
HO,Main,11111805,Jeddah,Supply Chain,Muslim,Male,1/1/1974,QA Supervisor,4,Egyptian,14-Jan-24,Married,1,11000,132000,33000,18000,5760,2400,0,0,0,13750,0,0,0,0,0,0,0,,0,11112365
HO,Main,11111806,Riyadh,Supply Chain,Muslim,Male,5/16/1999,QA Specialist,3,Saudi,10-Jan-24,Single,0,7000,84000,21000,13200,5760,1800,0,0,0,8750,0,0,0,0,0,0,0,,0,11111732
HO,Main,11111807,Jeddah,Supply Chain,Muslim,Female,9/8/1995,Demand Planner,3,Saudi,22-Oct-23,Single,0,6000,72000,18000,13200,1920,1800,0,0,0,7500,0,0,0,0,0,0,0,,0,11112362
HO,Main,11111808,Riyadh,Supply Chain,Muslim,Male,9/16/1996,Assistant Store Keeper,3,Egyptian,25-Sep-23,Single,0,4500,54000,13500,13200,0,0,0,0,0,5625,0,0,0,0,0,0,0,,0,11111683
HO,Main,11111809,Bahra Warehouse,Supply Chain,Muslim,Male,3/17/1996,Health & Safety & Environmental Supervisor,4,Saudi,1-Oct-23,Married,0,7000,84000,24000,18000,5760,2400,0,0,0,9000,0,0,0,0,0,0,0,,0,11112365
HO,Main,11111810,Riyadh,Gov us,Muslim,Male,7/14/1997,Marketing Specialist,3,Saudi,1-Oct-23,Single,0,6000,72000,24000,13200,7680,1800,0,0,0,8000,0,0,0,0,0,0,0,,0,11111660
HO,Main,11111811,Riyadh,Regulatory Affairs,Muslim,Male,11/19/1989,Regulatory Affairs Assistance,3,Saudi,25-Sep-23,Single,0,8000,96000,24000,13200,9600,0,0,0,0,10000,0,0,0,0,0,0,0,,0,11111670
HO,Main,11111812,Riyadh,Gov us,Muslim,Male,7/17/1996,Marketing Specialist,3,Saudi,25-Sep-23,Single,0,6000,72000,18000,13200,7680,1800,0,0,0,7500,0,0,0,0,0,0,0,,0,11111660
ho,Main,11111813,Riyadh,Supply Chain,Muslim,Male,4/26/1995,Store Keeper,3,Egyptian,24-Mar-24,Married,0,4000,48000,15000,13200,0,0,0,0,0,5250,0,0,0,0,0,0,0,,0,11112244
HO,Main,11111814,Riyadh,Sales,Muslim,Male,1/1/1989,Sales Representative,3,Egyptian,1-Jul-24,Single,0,3500,42000,18000,18000,8640,1200,0,0,0,3500,0,0,0,0,0,0,0,,0,11111656
HO,Main,11111815,Jeddah,Supply Chain,Muslim,Male,5/5/1990,Store Keeper,3,Yemeni,15-May-24,Single,0,5000,60000,15000,13200,5760,0,0,0,0,6250,0,0,0,0,0,0,0,,0,11111659
HO,Main,11111816,Jeddah,Supply Chain,Muslim,Male,3/21/1991,Assistant Store Keeper,3,Saudi,8-Jul-24,Married,0,4000,48000,24000,13200,0,0,0,0,0,6000,0,0,0,0,0,0,0,,0,11112244
ho,Main,11111817,Jeddah,Supply Chain,Muslim,Female,7/1/1992,Stock Analyst,3,Palestine,14-Jul-24,Single,0,5000,60000,15000,13200,0,0,0,0,0,6250,0,0,0,0,0,0,0,,0,11112360
HO,Main,11111818,Riyadh,Supply Chain,Muslim,Male,9/20/1996,Clearance Officer,3,Saudi,23-Jun-24,Single,0,6000,72000,18000,13200,7680,1800,0,0,0,7500,0,0,0,0,0,0,0,,0,11112269
ho,Main,11111819,Jeddah,Supply Chain,Muslim,Male,8/16/1999,Facilities Officer,3,Palestine,21-Jul-24,Single,0,6000,72000,18000,13200,5760,1800,0,0,0,7500,0,0,0,0,0,0,0,,0,11111854
HO,Main,11111820,Dammam,Supply Chain,Muslim,Male,6/13/1997,Clearance Supervisor,4,Saudi,3-Oct-21,Single,0,9000,108000,27000,18000,5760,2400,0,0,0,11250,0,0,0,0,0,0,0,,0,11112364
HO,Main,11111821,Jeddah,Supply Chain,Muslim,Male,5/26/1997,Demand Supervisor,4,Palestine,16-Aug-21,Married,0,10000,120000,30000,18000,5760,2400,0,0,0,12500,0,0,0,0,0,0,0,,0,11112362
HO,Main,11111822,Jeddah,Supply Chain,Muslim,Male,4/13/1997,Transport Quality Supervisor,4,Egyptian,23-Aug-21,Single,0,8000,96000,24000,18000,0,2400,0,0,0,10000,0,0,0,0,0,0,0,,0,11112365
HO,Main,11111823,Riyadh,Gov us,Muslim,Male,9/30/1996,Direct Purchase Supervisor,4,Saudi,6-Dec-21,Single,0,7500,90000,24000,18000,7680,2400,0,0,0,9500,0,0,0,0,0,0,0,,0,11111660
HO,Main,11111824,Khamis,Sales,Muslim,Male,1/1/1979,Sales Supervisor,4,Egyptian,25-Nov-21,Married,1,6900,82800,21000,18000,14400,2400,0,0,0,8650,0,0,0,0,0,0,0,,0,11111662
HO,Main,11111825,Riyadh,Sales,Muslim,Male,10/10/1988,Sales Representative,3,Egyptian,1-Dec-21,Single,0,3500,42000,18000,18000,8640,1800,0,0,0,5000,0,0,0,0,0,0,0,,0,11111656
HO,Main,11111826,Jeddah,Supply Chain,Muslim,Male,7/20/1985,Store Keeper,3,Saudi,16-Jan-22,Married,0,5250,63000,24000,13200,0,0,0,0,0,7250,0,0,0,0,0,0,0,,0,11111659
HO,Main,11111827,Riyadh,Sales,Muslim,Male,6/2/1987,Sales Representative,3,Egyptian,1-Mar-22,Married,2,3500,42000,18000,18000,8640,1800,0,0,0,5000,0,0,0,0,0,0,0,,0,11111656
HO,Main,11111828,Riyadh,Sales,Muslim,Male,9/9/1988,Sales Representative,3,Egyptian,25-Jul-21,Married,2,3500,42000,18000,18000,8640,1800,0,0,0,5000,0,0,0,0,0,0,0,,0,11111656
ho,Main,11111829,Jeddah,Regulatory Affairs,Muslim,Female,2/5/1997,Pharmacovigilance Specialist,3,Saudi,3-Jan-21,Single,0,10000,120000,30000,13200,0,1800,0,0,0,12500,0,0,0,0,0,0,0,,0,11111670
HO,Main,11111830,Jeddah,Supply Chain,Muslim,Female,2/29/1992,QA Specialist,3,Saudi,1-Dec-20,Married,0,9000,108000,27000,13200,5760,1800,0,0,0,11250,0,0,0,0,0,0,0,,0,11112365
HO,Main,11111831,Jeddah,Supply Chain,Muslim,Male,6/3/1993,Logistics Supervisor,4,Saudi,1-Feb-21,Single,0,11000,132000,33000,18000,4800,2400,0,0,0,13750,0,0,0,0,0,0,0,,0,11112360
HO,Main,11111832,Riyadh,Sales,Muslim,Male,5/30/1986,Sales Representative,3,Egyptian,1-Mar-21,Married,3,3500,42000,18000,18000,8640,1800,0,0,0,5000,0,0,0,0,0,0,0,,0,11111656
HO,Main,11111833,Riyadh,Sales,Muslim,Male,8/31/1989,Sales Representative,3,Egyptian,1-Apr-21,Single,0,3500,42000,18000,18000,8640,1800,0,0,0,5000,0,0,0,0,0,0,0,,0,11111656
ho,Main,11111834,Jeddah,Supply Chain,Muslim,Male,11/21/1979,QA Specialist,3,Jordanian,8-Dec-19,Married,2,8500,102000,25500,13200,5760,1800,0,0,0,10625,0,0,0,0,0,0,0,,0,11112360
HO,Main,11111835,Jeddah,Supply Chain,Muslim,Male,1/3/1982,Operations Supervisor,4,Egyptian,8-Dec-19,Married,2,9000,108000,27000,18000,5760,2400,0,0,0,11250,0,0,0,0,0,0,0,,0,11112360
HO,Main,11111836,Jeddah,Supply Chain,Muslim,Male,6/2/1985,Demand Planner,3,Pakistani,12-Dec-19,Single,0,8500,102000,25500,13200,0,1800,0,0,0,10375,0,0,0,0,0,0,0,,0,11112362
HO,Main,11111837,Jeddah,Sales,Muslim,Male,7/1/1989,District Sales Manager,4,Egyptian,1-Apr-20,Married,3,12000,144000,65004,36000,6000,4800,0,39996,0,18067,0,0,0,0,0,0,0,,0,11111662
HO,Main,11111838,Khamis,Gov us,Muslim,Male,8/9/1985,Direct Purchase Representative,3,Saudi,1-Jun-20,Married,0,6000,72000,24000,13200,7680,1800,0,0,0,8000,0,0,0,0,0,0,0,,0,11111865
ho,Main,11111839,Jeddah,Supply Chain,Muslim,Male,10/2/1971,Store Keeper,3,Philippines,14-Sep-20,Single,0,4000,48000,12000,13200,0,0,0,0,0,5000,0,0,0,0,0,0,0,,0,N-1
HO,Main,11111840,Dammam,Supply Chain,Muslim,Male,1/20/1983,Facilities Officer,3,Syrian,3-Sep-20,Married,0,7000,84000,21000,13200,5760,1800,0,0,0,8750,0,0,0,0,0,0,0,,0,11112367
HO,Main,11111841,Bahra Warehouse,Supply Chain,Muslim,Male,9/21/1986,Maintenance Officer,3,Pakistani,31-Aug-20,Single,0,5600,67200,16800,13200,4800,1200,0,0,0,7000,0,0,0,0,0,0,0,,0,11111854
HO,Main,11111842,Madina,Supply Chain,Muslim,Male,4/29/1978,Assistant Store Keeper,3,Saudi,1-Sep-20,Married,0,4000,48000,24000,13200,3840,0,0,0,0,6000,0,0,0,0,0,0,0,,0,11111735
HO,Main,11111843,Riyadh,Supply Chain,Muslim,Male,1/17/1972,Data Entry,3,Saudi,17-Aug-20,Single,0,4500,54000,24000,13200,0,0,0,0,0,6500,0,0,0,0,0,0,0,,0,11112244
HO,Main,11111844,Bahra Warehouse,Facility,Muslim,Male,1/7/1996,Safety and Support Supervisor,4,Saudi,19-Jul-20,Single,0,4000,48000,15000,18000,5760,2400,0,0,0,5250,0,0,0,0,0,0,0,,0,11112405
HO,Main,11111845,Jeddah,Supply Chain,Muslim,Male,6/2/1991,Stock Analyst,3,Palestine,8-Apr-19,Single,0,6000,72000,18000,13200,0,0,0,0,0,7500,0,0,0,0,0,0,0,,0,11112360
ho,Main,11111846,Khamis,Supply Chain,Muslim,Male,5/12/1990,Data Entry,3,Saudi,6-Oct-19,Single,0,3000,36000,15000,13200,0,0,0,0,0,4250,0,0,0,0,0,0,0,,0,11112258
HO,Main,11111847,Riyadh,Supply Chain,Muslim,Male,1/1/1983,Facilities Officer,3,Syrian,9-Oct-19,Single,0,9750,117000,29256,13200,5760,1800,0,0,0,12188,0,0,0,0,0,0,0,,0,11112367
HO,Main,11111848,Riyadh,Supply Chain,Muslim,Male,4/13/1997,Clearance Supervisor,4,Saudi,11-Nov-19,Single,0,8000,96000,24000,18000,5760,2400,0,0,0,10000,0,0,0,0,0,0,0,,0,11112269
HO,Main,11111849,Riyadh,Supply Chain,Muslim,Male,9/13/1985,QA Supervisor,4,Indian,13-Mar-19,Married,0,11000,132000,33000,18000,5760,2400,0,0,0,13750,0,0,0,0,0,0,0,,0,11112365
HO,Main,11111850,Riyadh,Regulatory Affairs,Muslim,Male,7/18/1978,Regulatory Affairs Specialist,3,Saudi,17-Feb-19,Single,0,17800,213600,53400,13200,9600,1800,0,0,0,22250,0,0,0,0,0,0,0,,0,11111670
HO,Main,11111851,Jeddah,Supply Chain,Muslim,Male,5/2/1989,Store Keeper,3,Saudi,20-Jan-19,Single,0,7000,84000,24000,13200,5760,0,0,0,0,9000,0,0,0,0,0,0,0,,0,11112244
HO,Main,11111852,Jeddah,Supply Chain,Muslim,Male,5/2/1992,Assistant Store Keeper,3,Egyptian,8-Jan-19,Single,0,4000,48000,12000,13200,0,0,0,0,0,5600,0,0,0,0,0,0,0,,0,11111659
HO,Main,11111853,Jeddah,Regulatory Affairs,Muslim,Male,3/4/1993,Pharmacovigilance Specialist,3,Saudi,1-Dec-18,Single,0,10000,120000,30000,18000,7200,1800,0,52800,0,12500,0,0,0,0,0,0,0,,0,11111670
HO,Main,11111854,Jeddah,Supply Chain,Muslim,Male,10/3/1988,Facilities Supervisor,4,Syrian,4-Oct-18,Married,0,11000,132000,33000,18000,5760,2400,0,0,0,13750,0,0,0,0,0,0,0,,0,11112367
HO,Main,11111855,Dammam,Supply Chain,Muslim,Male,7/1/1989,Store Keeper,3,Saudi,24-Aug-17,Married,0,4000,48000,24000,13200,0,0,0,0,0,6000,0,0,0,0,0,0,0,,0,11111714
HO,Main,11111856,Jeddah,Supply Chain,Muslim,Male,2/28/1998,Clearance Officer,3,Saudi,1-Jun-17,Single,0,7000,84000,24000,13200,7680,1800,0,0,0,9000,0,0,0,0,0,0,0,,0,11111667
HO,Main,11111857,Madina,Supply Chain,Muslim,Male,1/1/1987,Assistant Store Keeper,3,Egyptian,1-Jan-17,Single,0,3400,40800,10200,13200,0,0,0,0,0,4250,0,0,0,0,0,0,0,,0,11111553
HO,Main,11111858,Jeddah,Regulatory Affairs,Muslim,Male,10/1/1990,Pharmacovigilance Specialist,3,Saudi,1-Apr-17,Married,1,10000,120000,30000,18000,7200,1800,0,52800,0,12500,0,0,0,0,0,0,0,,0,11111670
HO,Main,11111859,Dammam,Sales,Muslim,Male,12/17/1989,Sales Representative,3,Egyptian,30-Mar-17,Married,2,4000,48000,18000,18000,8640,1800,0,0,0,5500,0,0,0,0,0,0,0,,0,11111672
HO,Main,11111860,Jeddah,Sales,Muslim,Male,8/8/1985,Sales Representative,3,Yemeni,1-May-17,Married,2,4000,48000,18000,18000,9600,1800,0,0,0,5500,0,0,0,0,0,0,0,,0,11111663
ho,Main,11111861,Madina,Supply Chain,Muslim,Male,7/22/1989,Store Keeper,3,Saudi,27-Dec-17,Single,0,5000,60000,24000,13200,5760,0,0,0,0,7000,0,0,0,0,0,0,0,,0,N-1
ho,Main,11111862,Jeddah,Supply Chain,Muslim,Male,6/8/1993,Assistant Store Keeper,3,Saudi,28-Dec-17,Single,0,4000,48000,15000,13200,0,0,0,0,0,5250,0,0,0,0,0,0,0,,0,11112244
HO,Main,11111863,Riyadh,Facility,Muslim,Male,7/23/1987,Safety and Support Supervisor,4,Saudi,13-Dec-16,Single,0,4000,48000,24000,18000,3600,2400,0,0,0,6000,0,0,0,0,0,0,0,,0,11112405
HO,Main,11111864,Jeddah,Supply Chain,Muslim,Male,3/3/1995,Stock Analyst,3,Saudi,3-Dec-17,Married,0,5000,60000,24000,13200,0,0,0,0,0,7000,0,0,0,0,0,0,0,,0,11111653
ho,Main,11111865,Jeddah,Gov us,Muslim,Male,12/31/1986,Direct Purchase Supervisor,4,Egyptian,17-Oct-17,Single,0,8625,103500,25872,18000,7680,2400,0,0,0,10781,0,0,0,0,0,0,0,,0,11111649
HO,Main,11111866,Jeddah,Supply Chain,Muslim,Male,2/4/1989,Clearance Officer,3,Saudi,1-May-15,Single,0,7500,90000,24000,18000,7680,1800,0,0,0,9500,0,0,0,0,0,0,0,,0,11112366
HO,Main,11111867,Riyadh,Supply Chain,Muslim,Male,5/16/1980,Clearance Officer,3,Saudi,1-Oct-25,Single,0,5000,60000,24000,13200,5760,1800,0,0,0,7000,0,0,0,0,0,0,0,,0,11112364
HO,Main,11111868,Dammam,Supply Chain,Muslim,Male,10/14/1999,Clearance Officer,3,Saudi,12-Oct-25,Single,0,5000,60000,15000,13200,5760,1800,0,0,0,6250,0,0,0,0,0,0,0,,0,11112371
HO,Main,11111869,Jeddah,Gov us,Muslim,Male,1/9/1996,Marketing Specialist,3,Saudi,21-Sep-25,Single,0,5000,60000,24000,13200,7680,1800,0,0,0,7000,0,0,0,0,0,0,0,,0,11111649
HO,Main,11111870,Dammam,Gov us,Muslim,Male,7/28/1993,Marketing Specialist,3,Saudi,21-Sep-25,Married,0,5000,60000,24000,13200,7680,1800,0,0,0,7000,0,0,0,0,0,0,0,,0,11111649
HO,Main,11111871,Bahra Warehouse,Supply Chain,Muslim,Male,11/23/1997,Warehouse Supervisor,4,Saudi,1-Oct-25,Single,0,8000,96000,24000,18000,5760,2400,0,0,0,10000,0,0,0,0,0,0,0,,0,11112360
HO,Main,11111872,Jeddah,Supply Chain,Muslim,Male,6/24/2002,Clearance Officer,3,American (US),28-Sep-25,Single,0,6250,75000,18744,13200,5760,1800,0,0,0,7812,0,0,0,0,0,0,0,,0,11112364
HO,Main,11111873,Khamis,Gov us,Muslim,Male,9/3/1997,Marketing Specialist,3,Saudi,16-Sep-25,Single,0,5000,60000,15000,13200,7680,1800,0,0,0,6250,0,0,0,0,0,0,0,,0,11111649
HO,Main,11111874,Jeddah,Supply Chain,Muslim,Male,12/12/1999,Facilities Officer,3,Palestine,14-Sep-25,Single,0,5000,60000,15000,13200,5760,1800,0,0,0,6250,0,0,0,0,0,0,0,,0,11112367
HO,Main,11111875,Riyadh,Supply Chain,Muslim,Male,4/1/1999,QA Specialist,3,Pakistani,21-Sep-25,Single,0,5000,60000,15000,13200,5760,1800,0,0,0,6250,0,0,0,0,0,0,0,,0,11111732
HO,Main,11111876,Bahra Warehouse,Supply Chain,Muslim,Male,9/18/1995,Data Analyst,3,Indian,7-Sep-25,Single,0,4000,48000,0,0,0,0,0,0,0,4000,0,0,0,0,0,0,0,,0,11112360
HO,Main,11111877,Riyadh,Gov us,Muslim,Male,6/3/1997,Marketing Specialist,3,Saudi,27-Jul-25,Single,0,5000,60000,15000,13200,7680,1800,0,0,0,6250,0,0,0,0,0,0,0,,0,11111660
HO,Main,11111878,Riyadh,Supply Chain,Muslim,Male,3/18/1995,QA Specialist,3,Egyptian,3-Aug-25,Single,0,6500,78000,19500,13200,0,1800,0,0,0,8125,0,0,0,0,0,0,0,,0,11112365
HO,Main,11111879,Jeddah,Supply Chain,Muslim,Male,8/28/1995,QA Specialist,3,Saudi,4-May-25,Married,0,6500,78000,24000,13200,5760,1800,0,0,0,8500,0,0,0,0,0,0,0,,0,11111650
HO,Main,11111880,Riyadh,Sales,Muslim,Male,11/25/1992,Sales Representative,3,Saudi,1-Jun-25,Single,0,3500,42000,18000,18000,8640,1800,0,0,0,5000,0,0,0,0,0,0,0,,0,11111656
HO,Main,11111881,Jeddah,Supply Chain,Muslim,Male,6/20/2000,Clearance Officer,3,Jordanian,29-Jun-25,Single,0,5000,60000,15000,13200,5760,1200,0,0,0,6250,0,0,0,0,0,0,0,,0,11112366
HO,Main,11111882,Jeddah,Supply Chain,Muslim,Female,6/27/1992,Demand Planner,3,Saudi,10-Nov-24,Married,0,6000,72000,18000,13200,0,0,0,0,0,7500,0,0,0,0,0,0,0,,0,11112364
HO,Main,11111883,Madina,Sales,Muslim,Male,1/17/1991,Sales Representative,3,Egyptian,15-Dec-24,Married,0,3500,42000,18000,18000,8640,1800,0,0,0,5000,0,0,0,0,0,0,0,,0,11111837
HO,Main,11111884,Riyadh,Sales,Muslim,Male,3/13/1991,Sales Representative,3,Egyptian,26-Nov-24,Married,0,3500,42000,18000,18000,8640,1800,0,0,0,5000,0,0,0,0,0,0,0,,0,11111656
HO,Main,11111885,Dammam,Sales,Muslim,Male,9/3/1986,Sales Representative,3,Egyptian,26-Nov-24,Married,0,3500,42000,18000,18000,8640,1800,0,0,0,5000,0,0,0,0,0,0,0,,0,11111680
HO,Main,11111886,Jeddah,Sales,Muslim,Male,12/16/1994,Sales Representative,3,Egyptian,4-Dec-24,Married,0,3500,42000,18000,18000,8640,1800,0,0,0,5000,0,0,0,0,0,0,0,,0,11111837
HO,Main,11111887,Khamis,Sales,Muslim,Male,1/1/1992,Sales Representative,3,Egyptian,4-Dec-24,Married,0,3500,42000,18000,18000,8640,1800,0,0,0,5000,0,0,0,0,0,0,0,,0,11111837
HO,Main,11111888,Jeddah,Supply Chain,Muslim,Male,3/27/1997,Stock Analyst,3,Saudi,8-Dec-24,Single,0,8000,96000,24000,13200,5760,0,0,0,0,10000,0,0,0,0,0,0,0,,0,11112360
HO,Main,11111889,Dammam,Sales,Muslim,Male,9/30/1990,Sales Representative,3,Egyptian,1-Dec-24,Single,0,3500,42000,18000,18000,8640,1800,0,0,0,3500,0,0,0,0,0,0,0,,0,11111680
HO,Main,11111890,Jeddah,Sales,Muslim,Male,1/2/1988,Sales Representative,3,Egyptian,18-Nov-24,Married,2,3500,42000,18000,18000,8640,1800,0,0,0,5000,0,0,0,0,0,0,0,,0,11111837
HO,Main,11111891,Riyadh,Sales,Muslim,Male,5/5/1990,Sales Representative,3,Egyptian,1-Dec-24,Married,0,3500,42000,18000,18000,8640,1800,0,0,0,5000,0,0,0,0,0,0,0,,0,11111656
HO,Main,11111892,Riyadh,Sales,Muslim,Male,7/28/1988,Sales Representative,3,Egyptian,1-Dec-24,Married,0,3500,42000,18000,18000,8640,1800,0,0,0,0,0,0,0,0,0,0,0,,0,11111656
HO,Main,11111893,Jeddah,Sales,Muslim,Male,2/25/1996,Sales Representative,3,Egyptian,22-Dec-24,Married,0,3500,42000,18000,18000,8640,1800,0,0,0,5000,0,0,0,0,0,0,0,,0,11111837
HO,Main,11111894,Riyadh,Supply Chain,Muslim,Male,3/19/1995,Store Keeper,3,Egyptian,6-Jan-25,Single,0,4000,48000,15000,13200,0,0,0,0,0,0,0,0,0,0,0,0,0,,0,11111683
HO,Main,11111895,Jeddah,Supply Chain,Muslim,Male,4/13/1997,Store Keeper,3,Saudi,24-Dec-24,Single,0,5500,66000,16500,13200,5760,0,0,0,0,6875,0,0,0,0,0,0,0,,0,11112360
HO,Main,11111896,Jeddah,Supply Chain,Muslim,Male,12/1/1989,Stock Analyst,3,Egyptian,15-Dec-24,Single,0,5000,60000,15000,13200,0,0,0,0,0,6250,0,0,0,0,0,0,0,,0,11112366
HO,Main,11111897,Jeddah,Supply Chain,Christian,Male,1/1/1972,Store Keeper,3,Philippines,7-Oct-24,Married,0,4500,54000,13500,13200,0,0,0,0,0,5625,0,0,0,0,0,0,0,,0,11111659
HO,Main,11111898,Riyadh,Supply Chain,Muslim,Male,7/6/2001,Assistant Store Keeper,3,Saudi,1-Oct-24,Single,0,5000,60000,15000,13200,5760,0,0,0,0,6250,0,0,0,0,0,0,0,,0,11112244
HO,Main,11111899,Jeddah,Supply Chain,Muslim,Male,10/1/2001,Warehouse Supervisor,4,Egyptian,27-Oct-24,Single,0,7400,88800,22200,18000,9600,2400,0,0,0,9250,0,0,0,0,0,0,0,,0,11112360
HO,Main,11111900,Jeddah,Supply Chain,Muslim,Male,4/1/1999,Store Keeper,3,Egyptian,24-Oct-24,Single,0,4500,54000,13500,13200,0,0,0,0,0,5625,0,0,0,0,0,0,0,,0,11111659
HO,Main,11111901,Jeddah,Supply Chain,Muslim,Female,4/13/1998,Clearance Officer,3,Saudi,3-Nov-24,Single,0,6250,75000,18744,13200,5760,1800,0,0,0,7812,0,0,0,0,0,0,0,,0,11112364
HO,Main,11111902,Riyadh,Gov us,Muslim,Male,11/1/1992,Marketing Specialist,3,Saudi,11-Aug-24,Single,0,6000,72000,18000,13200,5760,1800,0,0,0,7500,0,0,0,0,0,0,0,,0,11112265
HO,Main,11111903,Jeddah,Supply Chain,Muslim,Male,1/10/1990,Data Entry,3,Afghanistan,10-Sep-24,Single,0,5100,61200,15300,13200,0,0,0,0,0,6375,0,0,0,0,0,0,0,,0,11112366
HO,Main,11111904,Riyadh,Sales,Muslim,Male,10/20/1989,Sales Representative,3,Egyptian,1-Jan-25,Married,0,3500,42000,18000,18000,8640,1800,0,0,0,5000,0,0,0,0,0,0,0,,0,11111656
HO,Main,11111905,Jeddah,Supply Chain,Muslim,Male,4/1/1998,Key Account Delivery Rep.,3,Saudi,12-Jan-25,Single,0,5000,60000,15000,13200,0,1800,0,0,0,6250,0,0,0,0,0,0,0,,0,11111653
HO,Main,11111906,Riyadh,Sales,Muslim,Male,9/21/1987,Sales Representative,3,Egyptian,1-Jan-25,Married,0,3500,42000,18000,18000,8640,1800,0,0,0,5000,0,0,0,0,0,0,0,,0,11111656
HO,Main,11111907,Dammam,Sales,Muslim,Male,9/30/1990,Sales Representative,3,Egyptian,1-Jan-25,Single,0,3500,42000,18000,18000,8640,1800,0,0,0,5000,0,0,0,0,0,0,0,,0,11111672
HO,Main,11111908,Riyadh,Sales,Muslim,Male,10/29/1988,Sales Representative,3,Egyptian,2-Feb-25,Married,0,3500,42000,18000,18000,8640,1800,0,0,0,5000,0,0,0,0,0,0,0,,0,11111666
HO,Main,11111909,Riyadh,Sales,Muslim,Male,10/6/1991,Key Account Specialist,3,Egyptian,2-Feb-25,Married,0,3500,42000,18000,18000,8640,1800,0,0,0,5000,0,0,0,0,0,0,0,,0,11111656
HO,Main,11111910,Bahra Warehouse,Supply Chain,Muslim,Male,7/29/1998,Store Keeper,3,Lebanese,2-Mar-25,Married,0,5500,66000,16500,13200,5760,0,0,0,0,6875,0,0,0,0,0,0,0,,0,11111659
HO,Main,11111911,Riyadh,Sales,Muslim,Male,10/15/1974,Sales Supervisor,4,Egyptian,23-Feb-25,Married,0,5500,66000,18000,18000,9600,2400,0,0,0,7000,0,0,0,0,0,0,0,,0,11111656
HO,Main,11111912,Riyadh,Sales,Muslim,Male,6/19/1993,Sales Representative,3,Saudi,2-Mar-25,Single,0,3500,42000,24000,18000,8640,1800,0,0,0,5500,0,0,0,0,0,0,0,,0,11111711
HO,Main,11111913,Jeddah,Supply Chain,Muslim,Male,12/3/1998,Stock Analyst,3,Saudi,23-Feb-25,Single,0,5000,60000,15000,13200,5760,0,0,0,0,6250,0,0,0,0,0,0,0,,0,11112360
HO,Main,11111914,Riyadh,Facility,Muslim,Male,7/20/1995,Maintenance Officer,3,Egyptian,8-Apr-25,Married,0,4500,54000,13500,13200,7680,1800,0,0,0,5625,0,0,0,0,0,0,0,,0,11112404
HO,Main,11111915,Riyadh,Supply Chain,Muslim,Male,10/12/1986,Fleet Officer,3,Saudi,13-Apr-25,Married,0,3900,46800,24000,13200,0,0,0,0,0,5900,0,0,0,0,0,0,0,,0,11111653
HO,Main,11111916,Jeddah,Sales,Muslim,Male,10/25/1988,Sales Representative,3,Egyptian,9-Mar-25,Single,0,3500,42000,18000,18000,8640,1800,0,0,0,5000,0,0,0,0,0,0,0,,0,11111757
HO,Main,11111917,Riyadh,Supply Chain,Muslim,Male,7/2/1994,Assistant Store Keeper,3,Egyptian,16-Mar-25,Single,0,4000,48000,12000,13200,0,0,0,0,0,5000,0,0,0,0,0,0,0,,0,11111683
HO,Main,11111918,Jeddah,Sales,Muslim,Male,9/4/1989,Sales Representative,3,Egyptian,21-Aug-17,Married,1,3500,42000,18000,18000,8640,1800,0,0,0,5000,0,0,0,0,0,0,0,,0,11111757
HO,Main,11111919,Khamis,Supply Chain,Muslim,Male,4/17/1996,Driver,2,Saudi,11-Jun-25,Single,0,2900,34800,15000,0,0,0,0,0,0,4150,0,0,0,0,0,0,0,,0,11111653
HO,Main,11111920,Riyadh,Supply Chain,Muslim,Male,5/1/1987,Driver,2,Egyptian,7-May-25,Single,0,2900,34800,8700,0,0,0,0,0,0,3625,0,0,0,0,0,0,0,,0,11111653
HO,Main,11111921,Riyadh,Supply Chain,Muslim,Male,1/1/1999,Driver,2,Egyptian,4-May-25,Single,0,2900,34800,8700,0,0,0,0,0,0,3625,0,0,0,0,0,0,0,,0,11111653
HO,Main,11111922,Riyadh,Facility,Muslim,Male,10/5/2005,Safety and Support Specialist,2,Saudi,8-May-25,Single,0,3000,36000,12000,9000,0,0,0,0,0,4000,0,0,0,0,0,0,0,,0,11112405
HO,Main,11111923,Bahra Warehouse,Facility,Muslim,Male,5/4/1988,Cleaner,1,Bangladesh,10-Apr-25,Single,0,1500,18000,4500,6000,0,0,0,0,0,1875,0,0,0,0,0,0,0,,0,11112405
HO,Main,11111924,Riyadh,Supply Chain,Muslim,Male,3/12/2003,Labor,1,Bangladesh,20-Apr-25,Single,0,1500,18000,0,0,0,0,0,3600,0,1500,0,0,0,0,0,0,0,,0,11111773
HO,Main,11111925,Bahra Warehouse,Supply Chain,Muslim,Male,11/1/1999,Labor,1,Bangladesh,20-Apr-25,Single,0,1500,18000,0,0,0,0,0,3600,0,1500,0,0,0,0,0,0,0,,0,11111659
HO,Main,11111926,Bahra Warehouse,Supply Chain,Muslim,Male,5/31/2003,Labor,1,Pakistani,26-Feb-25,Single,0,1500,18000,4500,6000,0,0,0,3600,0,1875,0,0,0,0,0,0,0,,0,11111659
HO,Main,11111927,Riyadh,Facility,Muslim,Male,7/4/1997,Safety and Support Specialist,2,Saudi,17-Jan-25,Single,0,3000,36000,12000,9000,0,0,0,0,0,4000,0,0,0,0,0,0,0,,0,11112405
HO,Main,11111928,Bahra Warehouse,Facility,Muslim,Male,7/12/1996,Safety and Support Specialist,2,Saudi,8-Jan-25,Single,0,3000,36000,12000,9000,3000,0,0,0,0,4000,0,0,0,0,0,0,0,,0,11112405
HO,Main,11111929,Riyadh,Supply Chain,Muslim,Male,8/17/1986,Driver,2,Egyptian,29-Aug-24,Single,0,2900,34800,8700,0,0,0,0,0,0,3625,0,0,0,0,0,0,0,,0,11111653
HO,Main,11111930,Riyadh,Supply Chain,Muslim,Male,6/23/1976,Driver,2,Egyptian,26-Aug-24,Married,0,2900,34800,8700,0,0,0,0,0,0,3625,0,0,0,0,0,0,0,,0,11111653
HO,Main,11111931,Khamis,Supply Chain,Muslim,Male,7/15/2001,Labor,1,Bangladesh,26-Aug-24,Single,0,1500,18000,0,0,0,0,0,3600,0,1500,0,0,0,0,0,0,0,,0,11112258
HO,Main,11111932,Riyadh,Supply Chain,Muslim,Male,9/1/1994,Driver,2,Yemeni,11-Sep-24,Married,0,2900,34800,8700,0,0,0,0,0,0,3625,0,0,0,0,0,0,0,,0,11111653
HO,Main,11111933,Riyadh,Supply Chain,Muslim,Male,2/18/1991,Driver,2,Yemeni,26-Sep-24,Married,0,2900,34800,8700,0,0,0,0,0,0,3625,0,0,0,0,0,0,0,,0,11111653
HO,Main,11111934,Jeddah,Facility,Muslim,Male,1/26/2003,Cleaner,1,Bangladesh,29-Sep-24,Single,0,1500,18000,0,0,0,0,0,0,0,1500,0,0,0,0,0,0,0,,0,11112405
HO,Main,11111935,Jeddah,Facility,Muslim,Male,7/21/1998,Cleaner,1,Bangladesh,30-Sep-24,Married,0,1500,18000,0,0,0,0,0,0,0,1500,0,0,0,0,0,0,0,,0,11112405
HO,Main,11111936,Jeddah,Supply Chain,Muslim,Male,4/4/2003,Driver,2,Sudanese,24-Oct-24,Single,0,2900,34800,8700,0,0,0,0,0,0,3625,0,0,0,0,0,0,0,,0,11111653
HO,Main,11111937,Madina,Supply Chain,Muslim,Male,8/20/1990,Labor,1,Bangladesh,27-Oct-24,Single,0,1500,18000,0,0,0,0,0,3600,0,1500,0,0,0,0,0,0,0,,0,11111659
HO,Main,11111938,Riyadh,Supply Chain,Muslim,Male,1/27/1995,Driver,2,Yemeni,26-Sep-24,Single,0,2900,34800,8700,0,0,0,0,0,0,3625,0,0,0,0,0,0,0,,0,11111653
HO,Main,11111939,Jeddah,Supply Chain,Muslim,Male,5/1/1995,Picker,1,Egyptian,6-Oct-24,Married,0,3000,36000,0,0,0,0,0,6000,0,3000,0,0,0,0,0,0,0,,0,11111771
HO,Main,11111940,Riyadh,Supply Chain,Muslim,Male,9/25/1994,Driver,2,Yemeni,6-Oct-24,Single,0,2900,34800,8700,0,0,0,0,0,0,3625,0,0,0,0,0,0,0,,0,11111653
HO,Main,11111941,Bahra Warehouse,Facility,Muslim,Male,8/8/1998,Tea Boy,1,Bangladesh,17-Dec-24,Married,0,1500,18000,0,0,0,0,0,0,0,1500,0,0,0,0,0,0,0,,0,11112405
HO,Main,11111942,Makkah,Facility,Muslim,Male,9/10/2001,Cleaner,1,Bangladesh,15-Dec-24,Single,0,1500,18000,0,0,0,0,0,0,0,1500,0,0,0,0,0,0,0,,0,11112405
HO,Main,11111943,Makkah,Facility,Muslim,Male,1/2/1988,Cleaner,1,Bangladesh,15-Dec-24,Single,0,1500,18000,0,0,0,0,0,0,0,1500,0,0,0,0,0,0,0,,0,11112405
HO,Main,11111944,Jeddah,Facility,Muslim,Male,5/7/1998,Cleaner,1,Bangladesh,15-Dec-24,Single,0,1500,18000,0,0,0,0,0,0,0,1500,0,0,0,0,0,0,0,,0,11112405
HO,Main,11111945,Madina,Supply Chain,Muslim,Male,1/2/2001,Driver,2,Saudi,29-Dec-24,Married,0,3000,36000,24000,0,0,0,0,0,0,5000,0,0,0,0,0,0,0,,0,11111653
HO,Main,11111946,Dammam,Supply Chain,Muslim,Male,1/27/1999,Labor,1,Bangladesh,23-Dec-24,Single,0,1500,18000,0,0,0,0,0,3600,0,1500,0,0,0,0,0,0,0,,0,11111659
HO,Main,11111947,Bahra Warehouse,Facility,Muslim,Male,1/3/1978,Safety and Support Specialist,2,Saudi,24-Dec-24,Married,0,3000,36000,15000,9000,0,0,0,0,0,4250,0,0,0,0,0,0,0,,0,11112407
HO,Main,11111948,Jeddah,Supply Chain,Muslim,Male,12/6/2000,Driver,2,Saudi,25-Dec-24,Single,0,3000,36000,15000,0,0,0,0,0,0,4250,0,0,0,0,0,0,0,,0,11111653
HO,Main,11111949,Jeddah,Supply Chain,Muslim,Male,5/15/1984,Forklift Operator,2,Philippines,9-Dec-24,Single,0,1600,19200,4800,9000,0,0,0,0,0,2000,0,0,0,0,0,0,0,,0,11112371
HO,Main,11111950,Jeddah,Supply Chain,Muslim,Male,8/19/1995,Labor,1,Egyptian,10-Dec-24,Single,0,1500,18000,0,0,0,0,0,3600,0,0,0,0,0,0,0,0,0,,0,N-1
HO,Main,11111951,Jeddah,Facility,Muslim,Male,4/9/1988,Safety and Support Specialist,2,Saudi,15-Dec-24,Single,0,3000,36000,12000,9000,0,0,0,0,0,4000,0,0,0,0,0,0,0,,0,11112407
HO,Main,11111952,Riyadh,Supply Chain,Muslim,Male,4/28/1985,Driver,2,Egyptian,11-Nov-24,Single,0,2900,34800,8700,0,0,0,0,0,0,3625,0,0,0,0,0,0,0,,0,11111653
HO,Main,11111953,Jeddah,Facility,Muslim,Male,7/25/2000,Cleaner,1,Bangladesh,10-Nov-24,Single,0,1500,18000,0,0,0,0,0,0,0,1500,0,0,0,0,0,0,0,,0,11112405
HO,Main,11111954,Jeddah,Supply Chain,Muslim,Male,6/21/1986,Driver,2,Egyptian,22-Jun-25,Single,0,2900,34800,8700,0,0,0,0,0,0,3625,0,0,0,0,0,0,0,,0,11111653
HO,Main,11111955,Riyadh,Supply Chain,Muslim,Male,3/4/2000,Driver,2,Yemeni,17-Jun-25,Single,0,2900,34800,8700,0,0,0,0,0,0,3625,0,0,0,0,0,0,0,,0,11111653
HO,Main,11111956,Jeddah,Supply Chain,Muslim,Male,10/16/2000,Driver,2,Egyptian,17-Jun-25,Single,0,2900,34800,8700,0,0,0,0,0,0,3625,0,0,0,0,0,0,0,,0,11111653
HO,Main,11111957,Jeddah,Facility,Muslim,Male,8/5/2004,Safety and Support Specialist,2,Saudi,3-Jul-25,Single,0,3000,36000,12000,9000,0,0,0,0,0,4000,0,0,0,0,0,0,0,,0,11112405
HO,Main,11111958,Jeddah,Facility,Muslim,Male,5/5/1997,Cleaner,1,Bangladesh,3-Jul-25,Single,0,1500,18000,4500,0,0,0,0,0,0,1875,0,0,0,0,0,0,0,,0,11112405
HO,Main,11111959,Riyadh,Facility,Muslim,Male,11/16/2005,Safety and Support Specialist,2,Saudi,2-Jul-25,Single,0,3000,36000,12000,9000,0,0,0,0,0,4000,0,0,0,0,0,0,0,,0,11112405
HO,Main,11111960,Makkah,Supply Chain,Muslim,Male,12/22/1998,Picker,1,Egyptian,29-Jul-25,Single,0,2300,27600,6900,6000,0,0,0,0,0,2875,0,0,0,0,0,0,0,,0,11111621
HO,Main,11111961,Jeddah,Supply Chain,Muslim,Male,11/12/1985,Driver,2,Saudi,16-Jun-25,Married,0,2900,34800,24000,0,0,0,0,0,0,4900,0,0,0,0,0,0,0,,0,11111653
HO,Main,11111962,Riyadh,Supply Chain,Muslim,Male,1/19/2003,Labor,1,Bangladesh,4-Aug-25,Single,0,1500,18000,0,0,0,0,0,3600,0,1500,0,0,0,0,0,0,0,,0,11111899
HO,Main,11111963,Riyadh,Supply Chain,Muslim,Male,4/19/1995,Labor,1,Yemeni,20-Aug-25,Single,0,1500,18000,3600,3600,0,0,0,3600,0,1800,0,0,0,0,0,0,0,,0,11112244
HO,Main,11111964,Riyadh,Supply Chain,Muslim,Male,3/28/1981,Driver,2,Yemeni,21-Jul-25,Single,0,2900,34800,8700,0,0,0,0,0,0,3625,0,0,0,0,0,0,0,,0,11111653
HO,Main,11111965,Dammam,Facility,Muslim,Male,1/5/2002,Cleaner,1,Bangladesh,29-Jul-25,Single,0,1500,18000,0,6000,0,0,0,0,0,1500,0,0,0,0,0,0,0,,0,11112405
HO,Main,11111966,Jeddah,Supply Chain,Muslim,Male,4/16/1983,Driver,2,Sudanese,14-Sep-25,Single,0,2900,34800,8700,0,0,0,0,0,0,3625,0,0,0,0,0,0,0,,0,11111653
HO,Main,11111967,Makkah,Supply Chain,Muslim,Male,9/6/2006,Labor,1,Yemeni,18-Sep-25,Single,0,1500,18000,3600,3600,0,0,0,3600,0,1800,0,0,0,0,0,0,0,,0,11111621
HO,Main,11111968,Riyadh,Facility,Muslim,Male,8/23/2006,Safety and Support Specialist,2,Saudi,7-Sep-25,Single,0,3000,36000,12000,9000,0,0,0,0,0,4000,0,0,0,0,0,0,0,,0,11112405
HO,Main,11111969,Jeddah,Supply Chain,Muslim,Male,6/8/1998,Driver,2,Yemeni,17-Sep-25,Single,0,2900,34800,8700,0,0,0,0,0,0,3625,0,0,0,0,0,0,0,,0,11111653
HO,Main,11111970,Jeddah,Supply Chain,Muslim,Male,3/10/1990,Driver,2,Pakistani,14-Sep-25,Single,0,2900,34800,8700,0,0,0,0,0,0,3625,0,0,0,0,0,0,0,,0,11111653
HO,Main,11111971,Jeddah,Supply Chain,Muslim,Male,4/6/2002,Picker,1,Palestine,1-Sep-25,Single,0,3000,36000,9000,6000,0,0,0,6000,0,3750,0,0,0,0,0,0,0,,0,11111659
HO,Main,11111972,Riyadh,Supply Chain,Muslim,Male,1/1/1986,Labor,1,Indian,21-Sep-25,Single,0,1500,18000,0,0,0,0,0,3600,0,1500,0,0,0,0,0,0,0,,0,11112244
HO,Main,11111973,Khamis,Facility,Muslim,Male,5/21/2000,Safety and Support Specialist,2,Saudi,8-Sep-25,Single,0,3000,36000,12000,9000,0,0,0,0,0,4000,0,0,0,0,0,0,0,,0,11112405
HO,Main,11111974,Riyadh,Supply Chain,Muslim,Male,1/2/1990,Driver,2,Yemeni,17-Sep-25,Single,0,2900,34800,8700,0,0,0,0,0,0,3625,0,0,0,0,0,0,0,,0,11111653
HO,Main,11111975,Bahra Warehouse,Supply Chain,Muslim,Male,1/2/1975,Labor,1,Bangladesh,22-Sep-25,Single,0,1500,18000,0,0,0,0,0,3600,0,1500,0,0,0,0,0,0,0,,0,11111659
HO,Main,11111976,Bahra Warehouse,Facility,Muslim,Male,10/31/2002,Tea Boy,1,Bangladesh,28-Sep-25,Single,0,1500,18000,0,0,0,0,0,0,0,1500,0,0,0,0,0,0,0,,0,11112405
HO,Main,11111977,Riyadh,Supply Chain,Muslim,Male,1/1/1997,Driver,2,Sudanese,22-Sep-25,Single,0,2900,34800,8700,0,0,0,0,0,0,3625,0,0,0,0,0,0,0,,0,11111653
HO,Main,11111978,Riyadh,Supply Chain,Muslim,Male,10/30/1997,Labor,1,Bangladesh,24-Sep-25,Single,0,1500,18000,0,0,0,0,0,3600,0,1500,0,0,0,0,0,0,0,,0,11112244
HO,Main,11111979,Riyadh,Facility,Muslim,Male,7/27/2004,Safety and Support Specialist,2,Saudi,1-Oct-25,Single,0,3000,36000,12000,9000,0,0,0,0,0,4000,0,0,0,0,0,0,0,,0,11112405
ho,Main,11111980,Dammam,Facility,Muslim,Male,1/18/1992,Safety and Support Specialist,2,Saudi,10-Oct-16,Single,0,3000,36000,15000,9000,0,0,0,0,0,4250,0,0,0,0,0,0,0,,0,11111742
HO,Main,11111981,Riyadh,Supply Chain,Muslim,Male,1/1/1989,Driver,2,Egyptian,29-Sep-16,Single,0,2900,34800,8700,0,0,0,0,0,0,3625,0,0,0,0,0,0,0,,0,11111653
ho,Main,11111982,Jeddah,Supply Chain,Muslim,Male,9/18/1993,Assistant Store Keeper,3,Egyptian,2-Nov-16,Single,0,4000,48000,12000,13200,5760,0,0,0,0,4750.1,0,0,0,0,0,0,0,,0,11111731
HO,Main,11111983,Jeddah,Facility,Muslim,Male,7/20/1982,Cleaner,1,Bangladesh,1-Dec-16,Single,0,1500,18000,0,0,0,0,0,0,0,1500,0,0,0,0,0,0,0,,0,11112405
HO,Main,11111984,Jeddah,Facility,Muslim,Male,6/9/1982,Cleaner,1,Bangladesh,1-Dec-16,Single,0,1500,18000,0,0,0,0,0,0,0,1500,0,0,0,0,0,0,0,,0,11112405
HO,Main,11111985,Jeddah,Facility,Muslim,Male,1/1/1977,Cleaner,1,Bangladesh,1-Dec-16,Single,0,1500,18000,0,0,0,0,0,0,0,1500,0,0,0,0,0,0,0,,0,11112405
HO,Main,11111986,Dammam,Facility,Muslim,Male,1/20/1981,Cleaner,1,Bangladesh,5-Dec-16,Single,0,1500,18000,0,6000,0,0,0,0,0,1500,0,0,0,0,0,0,0,,0,11112405
HO,Main,11111987,Jeddah,Facility,Muslim,Male,3/7/1979,Cleaner,1,Bangladesh,7-Dec-16,Single,0,1500,18000,0,0,0,0,0,0,0,1500,0,0,0,0,0,0,0,,0,11112405
HO,Main,11111988,Jeddah,Facility,Muslim,Male,12/31/1985,Cleaner,1,Bangladesh,7-Dec-16,Single,0,1500,18000,0,0,0,0,0,0,0,1500,0,0,0,0,0,0,0,,0,11112405
HO,Main,11111989,Dammam,Facility,Muslim,Male,3/7/1978,Cleaner,1,Bangladesh,5-Dec-16,Single,0,1500,18000,0,6000,0,0,0,0,0,1500,0,0,0,0,0,0,0,,0,11112405
HO,Main,11111990,Dammam,Facility,Muslim,Male,1/1/1975,Cleaner,1,Bangladesh,5-Dec-16,Single,0,1500,18000,0,6000,0,0,0,0,0,1500,0,0,0,0,0,0,0,,0,11112405
HO,Main,11111991,Jeddah,Facility,Muslim,Male,8/6/1981,Cleaner,1,Bangladesh,12-Dec-16,Single,0,1500,18000,0,0,0,0,0,0,0,1500,0,0,0,0,0,0,0,,0,11112405
HO,Main,11111992,Jeddah,Facility,Muslim,Male,12/31/1982,Tea Boy,1,Bangladesh,12-Dec-16,Single,0,1500,18000,0,0,0,0,0,0,0,1500,0,0,0,0,0,0,0,,0,11112405
ho,Main,11111993,Jeddah,Facility,Muslim,Male,5/15/1980,Safety and Support Specialist,2,Saudi,24-Oct-16,Single,0,3000,36000,24000,9000,0,0,0,0,0,5000,0,0,0,0,0,0,0,,0,11112407
HO,Main,11111994,Jeddah,Supply Chain,Muslim,Male,11/1/1990,Picker,1,Pakistani,2-Jan-17,Single,0,3000,36000,0,0,0,0,0,6000,0,3500.1,0,0,0,0,0,0,0,,0,11111659
HO,Main,11111995,Jeddah,Supply Chain,Muslim,Male,1/1/1985,Labor,1,Bangladesh,25-Dec-16,Single,0,1500,18000,0,0,0,0,0,3600,0,1750.05,0,0,0,0,0,0,0,,0,11111765
ho,Main,11111996,Khamis,Facility,Muslim,Male,5/1/1978,Cleaner,1,Bangladesh,28-Nov-16,Single,0,1500,18000,0,0,0,0,0,0,0,1500,0,0,0,0,0,0,0,,0,11112405
HO,Main,11111997,Khamis,Supply Chain,Muslim,Male,3/10/1981,Driver,2,Pakistani,23-Aug-16,Single,0,2900,34800,8700,0,0,0,0,0,0,3625,0,0,0,0,0,0,0,,0,11111653
HO,Main,11111998,Dammam,Facility,Muslim,Male,9/7/1989,Safety and Support Specialist,2,Saudi,1-Sep-16,Single,0,3000,36000,15000,9000,0,0,0,0,0,4250,0,0,0,0,0,0,0,,0,11111742
HO,Main,11111999,Jeddah,Facility,Muslim,Male,12/20/1983,Safety and Support Specialist,2,Saudi,12-Aug-16,Single,0,3000,36000,24000,9000,0,0,0,0,0,5000,0,0,0,0,0,0,0,,0,11112407
HO,Main,11112000,Dammam,Supply Chain,Muslim,Male,2/1/1988,Driver,2,Egyptian,14-Dec-15,Single,0,2900,34800,9000,0,0,0,0,0,0,3650,0,0,0,0,0,0,0,,0,11111734
HO,Main,11112001,Jeddah,Supply Chain,Muslim,Male,1/1/1976,Driver,2,Sudanese,17-Apr-16,Married,0,3000,36000,9000,0,0,0,0,0,0,3750,0,0,0,0,0,0,0,,0,11111653
HO,Main,11112002,Riyadh,Facility,Muslim,Male,9/11/1970,Tea Boy,1,Ethiopian,20-Apr-16,Single,0,2000,24000,0,0,0,0,0,0,0,2000,0,0,0,0,0,0,0,,0,11112405
HO,Main,11112003,Riyadh,Supply Chain,Muslim,Male,11/27/1986,Driver,2,Sudanese,15-May-16,Single,0,3000,36000,9000,0,0,0,0,0,0,3750,0,0,0,0,0,0,0,,0,11111653
HO,Main,11112004,Madina,Supply Chain,Muslim,Male,1/21/1985,Driver,2,Saudi,11-Mar-15,Married,0,3000,36000,24000,0,0,0,0,0,0,5000,0,0,0,0,0,0,0,,0,11111653
HO,Main,11112005,Riyadh,Supply Chain,Muslim,Male,1/1/1984,Driver,2,Yemeni,12-Dec-14,Married,2,3550,42600,10656,0,0,0,0,0,0,4438,0,0,0,0,0,0,0,,0,11111653
HO,Main,11112006,Riyadh,Supply Chain,Muslim,Male,9/18/1973,Driver,2,Egyptian,30-Nov-14,Single,0,3000,36000,9000,0,0,0,0,0,0,3750,0,0,0,0,0,0,0,,0,11111653
HO,Main,11112007,Riyadh,Supply Chain,Muslim,Male,1/1/1988,Driver,2,Sudanese,1-Jan-15,Single,0,2900,34800,8700,0,0,0,0,0,0,3625,0,0,0,0,0,0,0,,0,11111653
ho,Main,11112008,Riyadh,Supply Chain,Muslim,Male,1/1/1990,Driver,2,Egyptian,22-Oct-14,Single,0,3000,36000,9000,0,0,0,0,0,0,3750,0,0,0,0,0,0,0,,0,11111653
HO,Main,11112009,Riyadh,Facility,Muslim,Male,9/12/1969,Safety and Support Specialist,2,Saudi,23-Jun-14,Married,0,3000,36000,24000,9000,0,0,0,0,0,5000,2613.72,0,0,0,0,0,0,,0,11112405
HO,Main,11112010,Riyadh,Supply Chain,Muslim,Male,1/1/1973,Picker,1,Indian,28-May-14,Single,0,1800,21600,0,6000,0,0,0,6000,0,2100,986.4,0,0,0,0,0,0,,0,11112261
HO,Main,11112011,Jeddah,Facility,Muslim,Male,7/7/1989,Safety and Support Specialist,2,Saudi,12-Sep-14,Married,0,3000,36000,24000,9000,0,0,0,0,0,5000,1392,0,0,0,0,1,0,,0,11112407
HO,Main,11112012,Khamis,Facility,Muslim,Male,9/23/1968,Safety and Support Specialist,2,Saudi,15-Apr-15,Single,0,3000,36000,24000,9000,0,0,0,0,0,5000,0,0,0,0,0,0,0,,0,11112405
HO,Main,11112013,Jeddah,Facility,Muslim,Male,9/14/1990,Safety and Support Specialist,2,Saudi,16-Jun-15,Single,0,3000,36000,24000,9000,0,0,0,0,0,5000,0,0,0,0,0,0,0,,0,11112407
HO,Main,11112014,Main WH-Jeddah,Facility,Muslim,Male,8/20/1994,Safety and Support Specialist,2,Saudi,1-Apr-15,Single,0,3000,36000,24000,9000,0,0,0,0,0,5000,0,0,0,0,0,0,0,,0,11112407
HO,Main,11112015,Jeddah,Supply Chain,Muslim,Male,11/12/1982,Services Clerk,2,Saudi,20-Oct-15,Single,0,3000,36000,24000,9000,4800,1200,0,0,0,5000,0,0,0,0,0,0,0,,0,11111653
ho,Main,11112016,Riyadh,Supply Chain,Muslim,Male,9/20/1967,Driver,2,Egyptian,9-Sep-14,Single,0,3000,36000,9000,0,0,0,0,0,0,3750,1155.48,0,0,0,0,0,0,,0,11111653
ho,Main,11112017,Jeddah,Supply Chain,Muslim,Male,3/2/1975,Driver,2,Bangladesh,24-Apr-14,Married,0,3000,36000,9000,0,0,0,0,0,0,3750,1386.72,0,0,0,0,0,0,,0,11111653
ho,Main,11112018,Riyadh,Supply Chain,Muslim,Male,10/2/1977,Labor,1,Ethiopian,29-Jan-14,Single,0,1500,18000,3600,0,0,0,0,3600,0,1800,986.28,0,0,0,0,0,0,,0,11111508
ho,Main,11112019,Main WH-Jeddah,Supply Chain,Muslim,Male,3/4/1972,Labor,1,Indian,10-Feb-14,Single,0,1500,18000,0,0,0,0,0,3600,0,1750.05,863.04,0,0,0,0,0,0,,0,11112244
ho,Main,11112020,Riyadh,Supply Chain,Muslim,Male,3/18/1964,Labor,1,Ethiopian,30-Jan-14,Single,0,1500,18000,3600,0,0,0,0,3600,0,1800,986.28,0,0,0,0,0,0,,0,11111683
ho,Main,11112021,Riyadh,Supply Chain,Muslim,Male,5/11/1978,Labor,1,Indian,9-Feb-14,Single,0,1500,18000,0,6000,0,0,0,3600,0,1800,986.4,0,0,0,0,0,0,,0,11111508
ho,Main,11112022,Riyadh,Supply Chain,Muslim,Male,6/10/1978,Forklift Operator,2,Ethiopian,30-Jan-14,Single,0,2300,27600,3600,9000,0,0,0,0,0,2600,986.28,0,0,0,0,0,0,,0,11112261
ho,Main,11112023,Riyadh,Supply Chain,Muslim,Male,9/26/1981,Labor,1,Ethiopian,30-Jan-14,Married,0,1500,18000,3600,0,0,0,0,3600,0,1800,986.28,0,0,0,0,0,0,,0,11111712
ho,Main,11112024,Riyadh,Supply Chain,Muslim,Male,7/8/1986,Picker,1,Ethiopian,30-Jan-14,Single,0,1900,22800,5700,6000,0,0,0,6000,0,2375,986.28,0,0,0,0,0,0,,0,11111678
ho,Main,11112025,Riyadh,Supply Chain,Muslim,Male,6/9/1975,Labor,1,Ethiopian,30-Jan-14,Single,0,1500,18000,3600,0,0,0,0,3600,0,1800,863.04,0,0,0,0,0,0,,0,11111730
ho,Main,11112026,Riyadh,Supply Chain,Muslim,Male,10/23/1981,Labor,1,Ethiopian,29-Jan-14,Single,0,1600,19200,3600,0,0,0,0,3600,0,1900,986.28,0,0,0,0,0,0,,0,11111756
ho,Main,11112027,Riyadh,Supply Chain,Muslim,Male,1/18/1983,Labor,1,Ethiopian,30-Jan-14,Single,0,1500,18000,3600,0,0,0,0,3600,0,1800,986.28,0,0,0,0,0,0,,0,11111678
ho,Main,11112028,Riyadh,Supply Chain,Muslim,Male,7/22/1976,Labor,1,Ethiopian,30-Jan-14,Single,0,1500,18000,0,6000,0,0,0,3600,0,1800,986.28,0,0,0,0,0,0,,0,11111523
ho,Main,11112029,Riyadh,Supply Chain,Muslim,Male,7/10/1979,Labor,1,Ethiopian,29-Jan-14,Single,0,1500,18000,3600,0,0,0,0,3600,0,1800,986.28,0,0,0,0,0,0,,0,11111712
ho,Main,11112030,Jeddah,Supply Chain,Muslim,Male,12/10/1983,Labor,1,Ethiopian,30-Jan-14,Single,0,1500,18000,0,0,0,0,0,3600,0,1750.05,863.04,0,0,0,0,0,0,,0,11112244
ho,Main,11112031,Riyadh,Supply Chain,Muslim,Male,12/5/1977,Labor,1,Eriterian,30-Jan-14,Married,0,1500,18000,3600,0,0,0,0,3600,0,1800,986.28,0,0,0,0,0,0,,0,11111508
ho,Main,11112032,Riyadh,Supply Chain,Muslim,Male,6/3/1968,Labor,1,Indian,10-Feb-14,Single,0,1500,18000,0,6000,0,0,0,3600,0,1800,986.4,0,0,0,0,0,0,,0,11111756
ho,Main,11112033,Riyadh,Supply Chain,Muslim,Male,1/26/1970,Labor,1,Ethiopian,18-Feb-14,Single,0,1500,18000,3600,0,0,0,0,3600,0,1800,986.28,0,0,0,0,0,0,,0,11111730
ho,Main,11112034,Riyadh,Supply Chain,Muslim,Male,9/20/1979,Forklift Operator,2,Ethiopian,16-Feb-14,Single,0,2300,27600,6900,9000,0,0,0,0,0,2875,986.28,0,0,0,0,0,0,,0,11111523
ho,Main,11112035,Jeddah,Supply Chain,Muslim,Male,7/15/1976,Labor,1,Ethiopian,18-Feb-14,Single,0,1500,18000,0,0,6000,0,0,3600,0,1750.05,862.92,0,0,0,0,0,0,,0,11111731
ho,Main,11112036,Riyadh,Supply Chain,Muslim,Male,9/2/1972,Labor,1,Ethiopian,29-Jan-14,Single,0,1500,18000,3600,0,0,0,0,3600,0,1800,986.28,0,0,0,0,0,0,,0,11111678
ho,Main,11112037,Riyadh,Facility,Muslim,Male,5/6/1987,Tea Boy,1,Bangladesh,23-Jan-14,Single,0,1740,20880,4320,0,0,0,0,0,0,2100,986.28,0,0,0,0,0,0,,0,11112405
ho,Main,11112038,Riyadh,Supply Chain,Muslim,Male,2/16/1987,Labor,1,Ethiopian,12-Feb-14,Single,0,1500,18000,0,6000,0,0,0,3600,0,1750,863.04,0,0,0,0,0,0,,0,11111693
HO,Main,11112039,Riyadh,Facility,Muslim,Male,12/27/1972,Cleaner,1,Bangladesh,1-Feb-14,Single,0,1740,20880,0,6000,0,0,0,0,0,2100,986.28,0,0,0,0,0,0,,0,11112405
ho,Main,11112040,Khamis,Supply Chain,Muslim,Male,5/15/1980,Driver,2,Saudi,1-Oct-13,Single,0,3000,36000,15000,0,0,0,0,0,0,4250,1800,0,0,0,0,0,0,,0,11111653
ho,Main,11112041,Riyadh,Commercial,Muslim,Male,4/1/1984,Merchandiser,2,Philippines,1-Jun-13,Married,1,3000,36000,9000,0,6000,1200,0,0,0,3750,1725.96,0,0,0,0,0,0,,0,11111720
ho,Main,11112042,Jeddah,Facility,Muslim,Male,4/21/1984,Safety and Support Specialist,2,Saudi,3-Sep-12,Single,0,3000,36000,24000,9000,0,0,0,0,0,5000,2317.8,0,0,0,0,0,0,,0,11112407
ho,Main,11112043,Khamis,Supply Chain,Muslim,Male,1/22/1977,Driver,2,Saudi,1-Dec-12,Single,0,3000,36000,24000,0,0,0,0,0,0,5000,1479.48,0,0,0,0,0,0,,0,11111653
ho,Main,11112044,Jeddah,Facility,Muslim,Male,3/21/1995,Safety and Support Specialist,2,Saudi,1-Dec-12,Single,0,3000,36000,24000,9000,0,0,0,0,0,5000,1479.48,0,0,0,0,0,0,,0,11112407
ho,Main,11112045,Riyadh,Commercial,Muslim,Male,4/29/1977,Merchandiser,2,Egyptian,21-Jan-13,Married,3,3000,36000,9000,0,6000,1200,0,0,0,3750,1479.48,0,0,0,0,0,0,,0,11111720
ho,Main,11112046,Jeddah,Supply Chain,Muslim,Male,1/1/1965,Forklift Operator,2,Sri Lankan,11-May-92,Married,3,2400,28800,0,0,0,0,0,0,0,2800.08,2554.44,0,0,0,0,0,0,,0,11111659
ho,Main,11112047,Dammam,Supply Chain,Muslim,Male,2/10/1970,Picker,1,Bangladesh,30-Sep-00,Single,0,1600,19200,4800,0,0,0,0,6000,0,2000,2095.92,0,0,0,0,0,0,,0,11111714
ho,Main,11112048,Madina,Supply Chain,Muslim,Male,5/4/1966,Picker,1,Bangladesh,11-Sep-00,Single,0,1800,21600,5400,6000,0,0,0,6000,0,2250,2663.04,0,0,0,0,0,0,,0,11111735
ho,Main,11112049,Madina,Supply Chain,Muslim,Male,1/1/1962,Driver,2,Egyptian,18-Jan-96,Married,2,3000,36000,9000,0,0,0,0,0,0,3750,3328.8,0,0,0,0,0,0,,0,11111653
ho,Main,11112050,Khamis,Supply Chain,Muslim,Male,2/1/1966,Picker,1,Bangladesh,22-Jun-96,Single,0,1850,22200,0,0,0,0,0,6000,0,2158.4,2381.4,0,0,0,0,0,0,,0,11112258
ho,Main,11112051,Riyadh,Supply Chain,Muslim,Male,1/1/1968,Forklift Operator,2,Bangladesh,6-Feb-99,Single,0,2350,28200,0,0,0,0,0,0,0,2741.75,2381.4,0,0,0,0,0,0,,0,11111756
ho,Main,11112052,Main WH-Jeddah,Supply Chain,Muslim,Male,1/1/1968,Forklift Operator,2,Indian,22-Nov-97,Married,1,2720,32640,8160,9000,0,0,0,0,0,3400,3205.44,0,0,0,0,0,0,,0,11111752
ho,Main,11112053,Riyadh,Supply Chain,Muslim,Male,1/1/1978,Picker,1,Bangladesh,29-Mar-03,Single,0,1800,21600,0,0,0,0,0,6000,0,2100.06,2323.8,0,0,0,0,0,0,,0,11111508
ho,Main,11112054,Dammam,Supply Chain,Muslim,Male,1/23/1967,Driver,2,Egyptian,22-Oct-03,Married,0,3000,36000,9000,0,0,0,0,0,0,3750,3328.8,0,0,0,0,0,0,,0,11111734
ho,Main,11112055,Main WH-Jeddah,Facility,Muslim,Male,1/1/1963,Services Clerk,2,Yemeni,15-Jul-03,Single,0,2200,26400,0,9000,0,1200,0,0,0,2566.74,2538.72,0,0,0,0,0,0,,0,11112405
ho,Main,11112056,Jeddah,Supply Chain,Muslim,Male,1/1/1970,Driver,2,Yemeni,21-Mar-02,Married,5,3000,36000,9000,0,0,0,0,0,0,3750,3328.8,0,0,0,0,0,0,,0,11111653
ho,Main,11112057,Khamis,Facility,Muslim,Male,1/1/1973,Tea Boy,1,Bangladesh,13-Jul-98,Single,0,1800,21600,0,0,0,0,0,0,0,2100.06,1631.4,0,0,0,0,0,0,,0,11112405
ho,Main,11112058,Main WH-Riyadh,Supply Chain,Muslim,Male,1/1/1972,Forklift Operator,2,Bangladesh,14-Nov-05,Single,0,2000,24000,0,0,0,0,0,0,0,2333.4,1631.4,0,0,0,0,0,0,,0,11111678
ho,Main,11112059,Riyadh,Supply Chain,Muslim,Male,1/1/1973,Picker,1,Bangladesh,10-Mar-03,Single,0,1800,21600,0,0,0,0,0,6000,0,2100.06,2021.88,0,0,0,0,0,0,,0,11111756
ho,Main,11112060,Riyadh,Facility,Muslim,Male,1/1/1977,Tea Boy,1,Bangladesh,1-Dec-04,Single,0,1800,21600,0,0,0,0,0,0,0,2100.06,1631.28,0,0,0,0,0,0,,0,11112405
ho,Main,11112061,Bahra Warehouse,Facility,Muslim,Male,5/27/1983,Safety and Support Specialist,2,Saudi,13-Apr-10,Married,0,3000,36000,24000,9000,0,0,0,0,0,5000,2613.72,0,0,0,0,1,0,,0,11112407
ho,Main,11112062,Riyadh,Supply Chain,Muslim,Male,6/26/1982,Driver,2,Sudanese,23-Feb-10,Married,4,3000,36000,9000,0,0,0,0,0,0,3750,1664.4,0,0,0,0,0,0,,0,11111653
ho,Main,11112063,Riyadh,Supply Chain,Muslim,Male,1/1/1968,Driver,2,Sudanese,10-Sep-09,Single,0,3000,36000,9000,0,0,0,0,0,0,3750,2885.04,0,0,0,0,0,0,,0,11111653
ho,Main,11112064,Khamis,Supply Chain,Muslim,Male,7/10/1975,Driver,2,Saudi,26-Mar-08,Married,4,3000,36000,24000,0,0,0,0,0,0,5000,4635.72,0,0,0,0,5,0,,0,11111653
HO,Main,11112065,Bahra Warehouse,Supply Chain,Muslim,Male,4/15/1985,Forklift Operator,2,Philippines,28-Jan-12,Married,0,2000,24000,0,9000,0,0,0,0,0,2000,838.44,0,0,0,0,0,0,,0,11111771
HO,Main,11112066,Riyadh,Supply Chain,Others,Male,6/16/1978,Picker,1,Philippines,1-Feb-12,Single,0,1800,21600,0,0,0,0,0,6000,0,2100.06,1161.84,0,0,0,0,0,0,,0,11111756
ho,Main,11112067,Jeddah,Commercial,Muslim,Male,6/25/1981,Merchandiser,2,Saudi,18-Dec-11,Single,0,3500,42000,15000,0,6000,1200,0,0,0,4750,2095.8,0,0,0,0,0,0,,0,11111696
HO,Main,11112068,Jeddah,Supply Chain,Christian,Male,7/1/1970,Driver,2,Philippines,2-Jan-12,Single,0,2250,27000,6744,0,0,0,0,3600,0,2812,715.08,0,0,0,0,0,0,,0,11111653
ho,Main,11112069,Bahra Warehouse,Supply Chain,Christian,Male,7/1/1970,Forklift Operator,2,Philippines,2-Jan-12,Single,0,2000,24000,0,9000,0,0,0,0,0,2333.4,815.64,0,0,0,0,0,0,,0,11111771
ho,Main,11112070,Dammam,Commercial,Muslim,Male,8/19/1984,Merchandiser,2,Saudi,1-Feb-12,Single,0,3500,42000,24000,0,6000,1200,0,0,0,5500,2465.76,0,0,0,0,0,0,,0,11111680
ho,Main,11112071,Jeddah,Commercial,Muslim,Male,12/26/1983,Merchandiser,2,Saudi,22-May-12,Married,1,3500,42000,24000,0,6000,1200,0,0,0,5500,2465.76,0,0,0,0,0,0,,0,11111696
ho,Main,11112072,Jeddah,Commercial,Muslim,Male,9/22/1982,Merchandiser,2,Saudi,1-May-12,Single,0,3500,42000,24000,0,6000,1200,0,0,0,5500,2465.76,0,0,0,0,0,0,,0,11111696
HO,Main,11112073,Bahra Warehouse,Supply Chain,Others,Male,12/31/1978,Forklift Operator,2,Philippines,10-May-12,Single,0,2000,24000,0,9000,0,0,0,0,0,2333.4,715.08,0,0,0,0,0,0,,0,11111771
HO,Main,11112074,Dammam,Facility,Muslim,Male,12/8/1996,Cleaner,1,Bangladesh,11-Apr-18,Single,0,1500,18000,0,6000,0,0,0,0,0,1500,0,0,0,0,0,0,0,,0,11112405
HO,Main,11112075,Dammam,Supply Chain,Muslim,Male,1/1/1991,Labor,1,Bangladesh,28-Apr-18,Single,0,1500,18000,0,0,0,0,0,3600,0,1500,0,0,0,0,0,0,0,,0,11111714
HO,Main,11112076,Jeddah,Facility,Muslim,Male,5/15/1980,Safety and Support Specialist,2,Saudi,22-May-18,Single,0,3000,36000,24000,9000,0,0,0,0,0,5000,0,0,0,0,0,0,0,,0,11112407
HO,Main,11112077,Madina,Supply Chain,Muslim,Male,1/1/1981,Driver,2,Sudanese,28-May-18,Single,0,2900,34800,8700,0,0,0,0,0,0,3625,0,0,0,0,0,0,0,,0,11111653
HO,Main,11112078,Jeddah,Supply Chain,Muslim,Male,8/7/1994,Forklift Operator,2,Bangladesh,5-Jun-18,Single,0,2875,34500,0,0,0,0,0,0,0,2875,0,0,0,0,0,0,0,,0,11111659
HO,Main,11112079,Dammam,Facility,Muslim,Male,6/5/1995,Cleaner,1,Bangladesh,28-Oct-17,Single,0,1500,18000,0,6000,0,0,0,0,0,1500,0,0,0,0,0,0,0,,0,11112405
ho,Main,11112080,Jeddah,Supply Chain,Muslim,Male,1/1/1974,Driver,2,Bangladesh,5-Nov-17,Married,0,2900,34800,8700,0,0,0,0,0,0,3625,0,0,0,0,0,0,0,,0,11111653
HO,Main,11112081,Jeddah,Supply Chain,Muslim,Male,11/17/1979,Labor,1,Bangladesh,16-Nov-17,Single,0,1500,18000,0,0,0,0,0,3600,0,1500,0,0,0,0,0,0,0,,0,11111659
ho,Main,11112082,Jeddah,Commercial,Muslim,Male,3/25/1994,Merchandiser,2,Saudi,10-Dec-17,Single,0,3250,39000,15000,0,6000,1200,0,0,0,4500,0,0,0,0,0,0,0,,0,11111696
ho,Main,11112083,Jeddah,Supply Chain,Muslim,Male,1/1/1982,Driver,2,Sudanese,14-Dec-17,Single,0,2900,34800,9000,0,0,0,0,0,0,3650,0,0,0,0,0,0,0,,0,11111653
HO,Main,11112084,Jeddah,Facility,Muslim,Male,2/1/1979,Cleaner,1,Bangladesh,21-Feb-18,Single,0,1500,18000,0,0,0,0,0,0,0,1500,0,0,0,0,0,0,0,,0,11112405
HO,Main,11112085,Jeddah,Supply Chain,Muslim,Male,8/11/1989,Picker,1,Sudanese,7-May-17,Single,0,3000,36000,9000,6000,0,0,0,6000,0,3000,0,0,0,0,0,0,0,,0,11111752
HO,Main,11112086,Dammam,Facility,Muslim,Male,5/10/1991,Safety and Support Specialist,2,Saudi,15-May-17,Single,0,3000,36000,15000,9000,0,0,0,0,0,4250,0,0,0,0,0,0,0,,0,11111742
HO,Main,11112087,Jeddah,Supply Chain,Muslim,Male,11/24/1984,Picker,1,Bangladesh,18-Apr-17,Single,0,2900,34800,0,0,0,0,0,3600,0,2900,0,0,0,0,0,0,0,,0,11111771
HO,Main,11112088,Khamis,Supply Chain,Muslim,Male,9/15/1980,Picker,1,Egyptian,13-Apr-17,Single,0,3000,36000,3600,6000,0,0,0,6000,0,3300,0,0,0,0,0,0,0,,0,11112258
ho,Main,11112089,Jeddah,Facility,Muslim,Male,7/11/1995,Safety and Support Specialist,2,Saudi,20-Apr-17,Single,0,3000,36000,24000,9000,0,0,0,0,0,5000,0,0,0,0,0,0,0,,0,11112407
HO,Main,11112090,Dammam,Supply Chain,Muslim,Male,1/1/1972,Driver,2,Sudanese,27-Feb-17,Single,0,2900,34800,8700,0,0,0,0,0,0,3625,0,0,0,0,0,0,0,,0,11111734
HO,Main,11112091,Jeddah,Facility,Muslim,Male,4/2/1986,Safety and Support Specialist,2,Saudi,1-Feb-17,Single,0,3000,36000,15000,9000,0,0,0,0,0,4250,0,0,0,0,0,0,0,,0,11112407
ho,Main,11112092,Dammam,Facility,Muslim,Male,6/7/1988,Safety and Support Specialist,2,Saudi,9-Mar-17,Single,0,3000,36000,24000,9000,0,0,0,0,0,5000,0,0,0,0,0,0,0,,0,11111742
HO,Main,11112093,Madina,Facility,Muslim,Male,1/1/1969,Cleaner,1,Bangladesh,7-Mar-17,Single,0,1500,18000,0,6000,0,0,0,0,0,1500,0,0,0,0,0,0,0,,0,11112405
HO,Main,11112094,Jeddah,Facility,Muslim,Male,6/13/1982,Safety and Support Specialist,2,Saudi,19-Mar-17,Single,0,3000,36000,24000,9000,0,0,0,0,0,5000,0,0,0,0,0,0,0,,0,11112407
HO,Main,11112095,Dammam,Supply Chain,Muslim,Male,6/1/1993,Labor,1,Bangladesh,17-Aug-17,Single,0,1500,18000,0,0,0,0,0,3600,0,1500,0,0,0,0,0,0,0,,0,11111714
HO,Main,11112096,Jeddah,Supply Chain,Muslim,Male,1/20/1985,Labor,1,Bangladesh,3-Aug-17,Single,0,1500,18000,0,0,0,0,0,3600,0,1500,0,0,0,0,0,0,0,,0,11111771
HO,Main,11112097,Jeddah,Facility,Muslim,Male,4/27/1987,Safety and Support Specialist,2,Saudi,20-Aug-17,Single,0,3000,36000,24000,9000,0,0,0,0,0,5000,0,0,0,0,0,0,0,,0,11112407
HO,Main,11112098,Dammam,Supply Chain,Muslim,Male,7/12/1994,Labor,1,Indian,10-Aug-17,Single,0,1500,18000,0,0,0,0,0,3600,0,1500,0,0,0,0,0,0,0,,0,11111714
HO,Main,11112099,Jeddah,Facility,Muslim,Male,5/4/1981,Safety and Support Specialist,2,Saudi,22-Aug-17,Single,0,3000,36000,24000,9000,0,0,0,0,0,5000,0,0,0,0,0,0,0,,0,11112407
HO,Main,11112100,Dammam,Supply Chain,Muslim,Male,7/3/1994,Labor,1,Indian,23-Aug-17,Single,0,1500,18000,0,0,0,0,0,3600,0,1500,0,0,0,0,0,0,0,,0,11111714
HO,Main,11112101,Jeddah,Supply Chain,Muslim,Male,5/30/1985,Labor,1,Bangladesh,19-Jul-17,Single,0,1500,18000,0,0,0,0,0,3600,0,1500,0,0,0,0,0,0,0,,0,11111771
ho,Main,11112102,Jeddah,Supply Chain,Muslim,Male,3/1/1974,Labor,1,Bangladesh,23-Oct-17,Single,0,1500,18000,0,0,0,0,0,3600,0,1500,0,0,0,0,0,0,0,,0,11111771
HO,Main,11112103,Dammam,Facility,Muslim,Male,12/14/1982,Safety and Support Specialist,2,Saudi,26-Aug-17,Single,0,3000,36000,24000,9000,0,0,0,0,0,5000,0,0,0,0,0,0,0,,0,11111742
HO,Main,11112104,Dammam,Supply Chain,Muslim,Male,1/6/1994,Labor,1,Bangladesh,6-Dec-18,Single,0,1500,18000,0,0,0,0,0,3600,0,1500,0,0,0,0,0,0,0,,0,11111714
HO,Main,11112105,Madina,Supply Chain,Muslim,Male,12/12/1991,Labor,1,Pakistani,11-Oct-18,Single,0,1500,18000,0,0,0,0,0,3600,0,1500,0,0,0,0,0,0,0,,0,11111553
HO,Main,11112106,Riyadh,Supply Chain,Muslim,Male,1/1/1976,Labor,1,Bangladesh,8-Oct-18,Single,0,1500,18000,0,0,0,0,0,3600,0,1500,0,0,0,0,0,0,0,,0,11111523
HO,Main,11112107,Jeddah,Supply Chain,Muslim,Male,5/8/1982,Labor,1,Bangladesh,4-Sep-18,Single,0,1500,18000,0,0,0,0,0,3600,0,1500,0,0,0,0,0,0,0,,0,11111765
HO,Main,11112108,Dammam,Commercial,Muslim,Male,8/1/1984,Merchandiser,2,Saudi,25-Sep-18,Single,0,3500,42000,24000,0,6000,1200,0,0,0,5500,0,0,0,0,0,0,0,,0,11111680
HO,Main,11112109,Jeddah,Supply Chain,Muslim,Male,5/28/1985,Driver,2,Saudi,5-Aug-18,Single,0,3000,36000,24000,0,0,0,0,0,0,5000,0,0,0,0,0,0,0,,0,11111653
HO,Main,11112110,Jeddah,Supply Chain,Muslim,Male,11/15/1985,Picker,1,Bangladesh,6-Aug-18,Single,0,2600,31200,0,0,0,0,0,3600,0,2600,0,0,0,0,0,0,0,,0,11111771
HO,Main,11112111,Jeddah,Facility,Muslim,Male,10/3/1989,Safety and Support Specialist,2,Saudi,19-Dec-18,Single,0,3000,36000,24000,9000,0,0,0,0,0,5000,0,0,0,0,0,0,0,,0,11112407
HO,Main,11112112,Madina,Facility,Muslim,Male,2/1/1983,Tea Boy,1,Bangladesh,1-Jan-19,Single,0,1500,18000,0,6000,0,0,0,0,0,1500,0,0,0,0,0,0,0,,0,11112405
HO,Main,11112113,Riyadh,Supply Chain,Muslim,Male,1/1/1991,Electrical Technician,2,Pakistani,1-Jan-19,Single,0,3500,42000,10500,9000,3600,0,0,0,0,3500,0,0,0,0,0,0,0,,0,11112367
HO,Main,11112114,Jeddah,Facility,Muslim,Male,5/12/1992,Safety and Support Specialist,2,Saudi,25-Apr-19,Single,0,3000,36000,12000,9000,0,0,0,0,0,4000,0,0,0,0,0,0,0,,0,11112407
HO,Main,11112115,Main WH-Jeddah,Facility,Muslim,Male,9/10/1985,Safety and Support Specialist,2,Saudi,1-Apr-19,Single,0,3000,36000,24000,9000,0,0,0,0,0,5000,0,0,0,0,0,0,0,,0,11112407
HO,Main,11112116,Dammam,Facility,Muslim,Male,2/4/1994,Tea Boy,1,Bangladesh,18-Mar-19,Single,0,1500,18000,0,6000,0,0,0,0,0,1500,0,0,0,0,0,0,0,,0,11112405
HO,Main,11112117,Riyadh,Facility,Muslim,Male,9/2/1976,Safety and Support Specialist,2,Saudi,21-Mar-19,Single,0,3000,36000,12000,9000,0,0,0,0,0,4000,0,0,0,0,0,0,0,,0,11112405
HO,Main,11112118,Bahra Warehouse,Facility,Muslim,Male,1/9/1984,Safety and Support Specialist,2,Saudi,1-Nov-19,Married,0,3000,36000,15000,9000,0,0,0,0,0,4250,0,0,0,0,0,0,0,,0,11112407
HO,Main,11112119,Jeddah,Facility,Muslim,Male,9/5/1996,Safety and Support Specialist,2,Saudi,1-Nov-19,Single,0,3000,36000,12000,9000,0,0,0,0,0,4000,0,0,0,0,0,0,0,,0,11112407
HO,Main,11112120,Makkah,Facility,Muslim,Male,1/1/1994,Cleaner,1,Bangladesh,15-Oct-19,Single,0,1500,18000,4500,6000,0,0,0,0,0,1500,0,0,0,0,0,0,0,,0,11112405
HO,Main,11112121,Jeddah,Facility,Muslim,Male,1/14/1987,Safety and Support Specialist,2,Saudi,22-Sep-19,Married,0,3000,36000,24000,9000,0,0,0,0,0,5000,0,0,0,0,0,0,0,,0,11112407
HO,Main,11112122,Khamis,Facility,Muslim,Male,4/24/1982,Safety and Support Specialist,2,Saudi,18-Jun-19,Single,0,3000,36000,12000,9000,0,0,0,0,0,4000,0,0,0,0,0,0,0,,0,11112405
HO,Main,11112123,Jeddah,Commercial,Muslim,Male,4/18/1984,Merchandiser,2,Saudi,1-Jul-19,Single,0,3250,39000,15000,0,6000,1200,0,0,0,4500,0,0,0,0,0,0,0,,0,11111696
HO,Main,11112124,Madina,Supply Chain,Muslim,Male,1/1/1992,Labor,1,Bangladesh,20-Jun-19,Single,0,1500,18000,0,0,0,0,0,3600,0,1500,0,0,0,0,0,0,0,,0,11111735
HO,Main,11112125,Jeddah,Facility,Muslim,Male,1/1/1985,Tea Boy,1,Bangladesh,17-Jul-19,Single,0,1500,18000,0,0,0,0,0,0,0,1500,0,0,0,0,0,0,0,,0,11112405
HO,Main,11112126,Madina,Facility,Muslim,Male,6/10/1995,Cleaner,1,Bangladesh,17-Jul-19,Single,0,1500,18000,0,6000,0,0,0,0,0,1500,0,0,0,0,0,0,0,,0,11112405
HO,Main,11112127,Madina,Facility,Muslim,Male,1/1/1974,Cleaner,1,Bangladesh,17-Jul-19,Single,0,1500,18000,0,0,0,0,0,0,0,1500,0,0,0,0,0,0,0,,0,11112405
HO,Main,11112128,Dammam,Supply Chain,Muslim,Male,9/30/1986,Driver,2,Egyptian,30-Jun-19,Single,0,2900,34800,8700,0,0,0,0,0,0,3625,0,0,0,0,0,0,0,,0,11111734
HO,Main,11112129,Khamis,Supply Chain,Muslim,Male,3/20/1994,Labor,1,Bangladesh,27-Aug-19,Single,0,1500,18000,0,0,0,0,0,3600,0,1500,0,0,0,0,0,0,0,,0,11112258
HO,Main,11112130,Riyadh,Facility,Muslim,Male,7/7/1994,Cleaner,1,Bangladesh,23-Jul-20,Single,0,1500,18000,0,6000,0,0,0,0,0,1500,0,0,0,0,0,0,0,,0,11112405
HO,Main,11112131,Bahra Warehouse,Facility,Muslim,Male,4/12/1997,Tea Boy,1,Bangladesh,23-Jul-20,Single,0,1500,18000,6000,0,0,0,0,3600,0,2000,0,0,0,0,0,0,0,,0,11112405
HO,Main,11112132,Bahra Warehouse,Supply Chain,Muslim,Male,5/17/1996,Electrical Technician,2,Bangladesh,23-Jul-20,Single,0,3000,36000,9000,6000,3600,0,0,0,0,3750,0,0,0,0,0,0,0,,0,11111854
HO,Main,11112133,Makkah,Facility,Muslim,Male,2/19/1985,Safety and Support Specialist,2,Saudi,19-Jul-20,Married,0,3000,36000,15000,9000,0,0,0,0,0,4250,0,0,0,0,0,0,0,,0,11112407
ho,Main,11112134,Dammam,Supply Chain,Muslim,Male,12/1/1986,Driver,2,Egyptian,21-Jul-20,Single,0,2900,34800,8700,0,0,0,0,0,0,3625,0,0,0,0,0,0,0,,0,11111734
HO,Main,11112135,Bahra Warehouse,Facility,Muslim,Male,12/12/1982,Cleaner,1,Bangladesh,27-Jul-20,Single,0,1500,18000,6000,0,0,0,0,3600,0,2000,0,0,0,0,0,0,0,,0,11112405
HO,Main,11112136,Bahra Warehouse,Facility,Muslim,Male,11/17/1997,Safety and Support Specialist,2,Saudi,28-Oct-20,Single,0,3000,36000,15000,9000,0,0,0,0,0,4250,0,0,0,0,0,0,0,,0,11112407
HO,Main,11112137,Riyadh,Facility,Muslim,Male,1/25/1990,Cleaner,1,Bangladesh,14-Oct-20,Single,0,1500,18000,0,6000,0,0,0,0,0,1500,0,0,0,0,0,0,0,,0,11112405
HO,Main,11112138,Jeddah,Supply Chain,Muslim,Male,5/25/1995,Labor,1,Bangladesh,24-Sep-20,Single,0,1500,18000,0,0,0,0,0,3600,0,1500,0,0,0,0,0,0,0,,0,11111752
HO,Main,11112139,Bahra Warehouse,Supply Chain,Muslim,Male,4/7/1997,Labor,1,Yemeni,27-Sep-20,Single,0,1500,18000,3600,3600,0,0,0,3600,0,1800,0,0,0,0,0,0,0,,0,11111771
HO,Main,11112140,Bahra Warehouse,Supply Chain,Muslim,Male,2/1/1985,Picker,1,Yemeni,22-Jun-20,Single,0,2000,24000,6000,6000,0,0,0,6000,0,2500,0,0,0,0,0,0,0,,0,11111731
HO,Main,11112141,Bahra Warehouse,Supply Chain,Muslim,Male,1/1/1971,Labor,1,Indian,22-Jun-20,Single,0,1500,18000,3600,3600,0,0,0,3600,0,1800,0,0,0,0,0,0,0,,0,11111659
HO,Main,11112142,Riyadh,Supply Chain,Muslim,Male,11/30/1990,Driver,2,Egyptian,12-Apr-20,Single,0,2900,34800,8700,0,0,0,0,0,0,3625,0,0,0,0,0,0,0,,0,11111653
HO,Main,11112143,Dammam,Supply Chain,Muslim,Male,4/27/1985,Driver,2,Egyptian,12-Oct-20,Single,0,2900,34800,8700,0,0,0,0,0,0,3625,0,0,0,0,0,0,0,,0,11111734
HO,Main,11112144,Bahra Warehouse,Facility,Muslim,Male,6/29/1989,Safety and Support Specialist,2,Saudi,15-Nov-20,Married,0,3000,36000,15000,9000,0,0,0,0,0,4250,0,0,0,0,0,0,0,,0,11112407
ho,Main,11112145,Madina,Supply Chain,Muslim,Male,2/1/1987,Labor,1,Pakistani,15-Nov-20,Single,0,1500,18000,0,0,0,0,0,3600,0,1500,0,0,0,0,0,0,0,,0,11111553
ho,Main,11112146,Jeddah,Supply Chain,Muslim,Male,6/1/1992,Labor,1,Bangladesh,22-Nov-20,Single,0,1500,18000,0,0,0,0,0,3600,0,1500,0,0,0,0,0,0,0,,0,11111771
ho,Main,11112147,Jeddah,Supply Chain,Muslim,Male,1/1/1990,Driver,2,Sudanese,22-Nov-20,Single,0,2900,34800,8700,0,0,0,0,0,0,3625,0,0,0,0,0,0,0,,0,11111653
HO,Main,11112148,Riyadh,Supply Chain,Muslim,Male,1/1/1969,Driver,2,Sudanese,1-May-21,Single,0,2900,34800,8700,0,0,0,0,0,0,3625,0,0,0,0,0,0,0,,0,11111653
HO,Main,11112149,Madina,Commercial,Muslim,Male,9/3/1993,Merchandiser,2,Saudi,6-Feb-22,Single,0,3250,39000,24000,0,6000,1200,0,0,0,5250,0,0,0,0,0,0,0,,0,11111696
HO,Main,11112150,Dammam,Facility,Muslim,Male,2/19/1977,Safety and Support Specialist,2,Saudi,8-Feb-22,Married,0,3000,36000,12000,9000,0,0,0,0,0,4000,0,0,0,0,0,0,0,,0,11111742
HO,Main,11112151,Jeddah,Facility,Muslim,Male,1/13/1985,Safety and Support Specialist,2,Saudi,10-Feb-22,Married,0,3000,36000,24000,9000,0,0,0,0,0,5000,0,0,0,0,0,0,0,,0,11112407
HO,Main,11112152,Jeddah,Facility,Muslim,Male,6/11/1992,Safety and Support Specialist,2,Saudi,28-Jan-22,Single,0,3000,36000,12000,9000,0,0,0,0,0,4000,0,0,0,0,0,0,0,,0,11112407
HO,Main,11112153,Riyadh,Supply Chain,Muslim,Male,11/10/1999,Labor,1,Bangladesh,8-Dec-21,Single,0,1500,18000,0,0,0,0,0,3000,0,1500,0,0,0,0,0,0,0,,0,11111730
HO,Main,11112154,Dammam,Facility,Muslim,Male,9/12/1988,Tea Boy,1,Bangladesh,8-Dec-21,Single,0,1500,18000,0,6000,0,0,0,0,0,1500,0,0,0,0,0,0,0,,0,11112405
HO,Main,11112155,Riyadh,Supply Chain,Muslim,Male,5/20/1988,Picker,1,Bangladesh,27-Dec-21,Single,0,2300,27600,0,6000,0,0,0,6000,0,2300,0,0,0,0,0,0,0,,0,11111730
HO,Main,11112156,Khamis,Supply Chain,Muslim,Male,2/17/1983,Driver,2,Saudi,12-Dec-21,Married,0,3000,36000,24000,0,0,0,0,0,0,5000,0,0,0,0,0,0,0,,0,11111653
HO,Main,11112157,Jeddah,Supply Chain,Muslim,Male,9/23/1968,Driver,2,Saudi,15-Sep-21,Married,0,3000,36000,24000,0,0,0,0,0,0,5000,0,0,0,0,0,0,0,,0,11111653
HO,Main,11112158,Riyadh,Supply Chain,Muslim,Male,2/17/1975,Labor,1,Ethiopian,3-Oct-21,Single,0,1500,18000,3600,0,0,0,0,3600,0,1800,0,0,0,0,0,0,0,,0,11111730
HO,Main,11112159,Jeddah,Supply Chain,Muslim,Male,1/15/1998,Labor,1,Bangladesh,23-Jul-24,Single,0,1500,18000,0,0,0,0,0,3600,0,1500,0,0,0,0,0,0,0,,0,11112244
ho,Main,11112160,Jeddah,Supply Chain,Muslim,Male,2/11/1985,Labor,1,Yemeni,11-Jul-24,Single,0,1600,19200,3600,3600,0,0,0,0,0,1900,0,0,0,0,0,0,0,,0,11112244
ho,Main,11112161,Jeddah,Supply Chain,Muslim,Male,10/9/1984,Driver,2,Yemeni,14-Jul-24,Married,0,2900,34800,8700,0,0,0,0,0,0,3625,0,0,0,0,0,0,0,,0,11111653
ho,Main,11112162,Riyadh,Supply Chain,Muslim,Male,1/1/1987,Labor,1,Bangladesh,11-Jul-24,Married,0,1500,18000,0,0,0,0,0,3600,0,1500,0,0,0,0,0,0,0,,0,11111659
ho,Main,11112163,Jeddah,Supply Chain,Muslim,Male,2/14/2000,Labor,1,Bangladesh,11-Jul-24,Married,0,1500,18000,0,0,0,0,0,3600,0,1500,0,0,0,0,0,0,0,,0,11111771
ho,Main,11112164,Bahra Warehouse,Facility,Muslim,Male,1/17/1991,Safety and Support Specialist,2,Saudi,17-Jul-24,Single,0,3000,36000,12000,9000,3000,0,0,0,0,4000,0,0,0,0,0,0,0,,0,11112407
HO,Main,11112165,Makkah,Facility,Muslim,Male,1/15/2002,Safety and Support Specialist,2,Saudi,17-Jul-24,Single,0,3000,36000,12000,9000,3000,0,0,0,0,4000,0,0,0,0,0,0,0,,0,11112407
ho,Main,11112166,Jeddah,Supply Chain,Muslim,Male,12/31/1995,Labor,1,Bangladesh,18-Jul-24,Married,0,1500,18000,0,0,0,0,0,3600,0,1500,0,0,0,0,0,0,0,,0,11111771
ho,Main,11112167,Makkah,Facility,Muslim,Male,2/6/1998,Safety and Support Specialist,2,Saudi,14-Jul-24,Married,0,3000,36000,12000,9000,3000,0,0,0,0,4000,0,0,0,0,0,0,0,,0,11112407
ho,Main,11112168,Jeddah,Supply Chain,Muslim,Male,11/28/1999,Labor,1,Pakistani,9-Jul-24,Single,0,1500,18000,3600,3600,0,0,0,3600,0,1800,0,0,0,0,0,0,0,,0,11111731
HO,Main,11112169,Jeddah,Facility,Muslim,Male,3/19/2000,Cleaner,1,Bangladesh,7-Aug-24,Single,0,1500,18000,0,0,0,0,0,0,0,1500,0,0,0,0,0,0,0,,0,11112405
HO,Main,11112170,Riyadh,Supply Chain,Muslim,Male,7/18/2000,Driver,2,Yemeni,5-Aug-24,Single,0,2900,34800,8700,0,0,0,0,0,0,3625,0,0,0,0,0,0,0,,0,11111653
HO,Main,11112171,Riyadh,Supply Chain,Muslim,Male,1/1/1986,Driver,2,Yemeni,5-Aug-24,Married,0,2900,34800,8700,0,0,0,0,0,0,3625,0,0,0,0,0,0,0,,0,11111653
HO,Main,11112172,Jeddah,Supply Chain,Muslim,Male,9/21/1981,Driver,2,Egyptian,13-Aug-24,Married,0,2900,34800,8700,0,0,0,0,0,0,0,0,0,0,0,0,0,0,,0,11111653
HO,Main,11112173,Jeddah,Facility,Muslim,Male,5/20/1995,Cleaner,1,Bangladesh,6-Aug-24,Married,0,1500,18000,0,0,0,0,0,0,0,1500,0,0,0,0,0,0,0,,0,11112405
HO,Main,11112174,Madina,Supply Chain,Muslim,Male,2/13/1996,Driver,2,Sudanese,5-Aug-24,Single,0,2900,34800,8700,0,0,0,0,0,0,3625,0,0,0,0,0,0,0,,0,11111653
HO,Main,11112175,Jeddah,Supply Chain,Muslim,Male,1/4/2000,Labor,1,Egyptian,18-Aug-24,Single,0,1500,18000,3600,3600,0,0,0,3600,0,1800,0,0,0,0,0,0,0,,0,11111771
HO,Main,11112176,Jeddah,Supply Chain,Muslim,Male,7/9/1990,Driver,2,Yemeni,22-May-24,Single,0,2900,34800,8700,0,0,0,0,0,0,3625,0,0,0,0,0,0,0,,0,11111653
HO,Main,11112177,Riyadh,Facility,Muslim,Male,10/10/1988,Cleaner,1,Bangladesh,22-May-24,Single,0,1500,18000,0,0,0,0,0,0,0,1500,0,0,0,0,0,0,0,,0,11112405
ho,Main,11112178,Jeddah,Supply Chain,Muslim,Male,6/3/2001,Labor,1,Bangladesh,14-May-24,Single,0,1500,18000,0,0,0,0,0,3600,0,1500,0,0,0,0,0,0,0,,0,11111771
ho,Main,11112179,Bahra Warehouse,Facility,Muslim,Male,2/5/2002,Cleaner,1,Bangladesh,26-May-24,Single,0,1500,18000,6000,0,0,0,0,3600,0,2000,0,0,0,0,0,0,0,,0,11112405
ho,Main,11112180,Riyadh,Supply Chain,Muslim,Male,1/1/1984,Driver,2,Sudanese,27-May-24,Single,0,2900,34800,8700,0,0,0,0,0,0,3625,0,0,0,0,0,0,0,,0,11111653
HO,Main,11112181,Riyadh,Supply Chain,Muslim,Male,7/13/2002,Labor,1,Indian,11-Jun-24,Single,0,1500,18000,0,0,0,0,0,3600,0,1500,0,0,0,0,0,0,0,,0,11111693
ho,Main,11112182,Jeddah,Supply Chain,Muslim,Male,3/14/1994,Labor,1,Yemeni,26-Jun-24,Single,0,1500,18000,0,0,0,0,0,3600,0,1500,0,0,0,0,0,0,0,,0,11111659
ho,Main,11112183,Khamis,Facility,Muslim,Male,9/1/2001,Tea Boy,1,Bangladesh,23-Jun-24,Married,0,1500,18000,0,0,0,0,0,0,0,1500,0,0,0,0,0,0,0,,0,11112405
HO,Main,11112184,Riyadh,Supply Chain,Muslim,Male,5/30/2003,Labor,1,Bangladesh,23-Jun-24,Single,0,1500,18000,0,0,0,0,0,3600,0,1500,0,0,0,0,0,0,0,,0,11111813
ho,Main,11112185,Jeddah,Facility,Muslim,Male,10/16/2000,Cleaner,1,Bangladesh,24-Apr-24,Single,0,1500,18000,0,0,0,0,0,0,0,1500,0,0,0,0,0,0,0,,0,11112405
ho,Main,11112186,Riyadh,Supply Chain,Muslim,Male,8/9/1983,Driver,2,Indian,13-May-24,Married,0,2900,34800,8700,0,0,0,0,0,0,3625,0,0,0,0,0,0,0,,0,11111653
ho,Main,11112187,Dammam,Facility,Muslim,Male,4/18/1998,Cleaner,1,Bangladesh,24-Mar-24,Single,0,1500,18000,0,6000,0,0,0,0,0,1500,0,0,0,0,0,0,0,,0,11112405
HO,Main,11112188,Jeddah,Facility,Muslim,Male,5/12/2002,Safety and Support Specialist,2,Saudi,20-Dec-23,Single,0,3000,36000,12000,9000,0,0,0,0,0,4000,0,0,0,0,0,0,0,,0,11112407
HO,Main,11112189,Bahra Warehouse,Facility,Muslim,Male,4/2/1995,Safety and Support Specialist,2,Saudi,13-Dec-23,Single,0,3000,36000,12000,9000,3000,0,0,0,0,4000,0,0,0,0,0,0,0,,0,11112407
HO,Main,11112190,Bahra Warehouse,Facility,Muslim,Male,2/29/2000,Cleaner,1,Bangladesh,5-Nov-23,Single,0,1500,18000,6000,0,0,0,0,3600,0,2000,0,0,0,0,0,0,0,,0,11112405
HO,Main,11112191,Riyadh,Supply Chain,Muslim,Male,10/2/1992,Driver,2,Egyptian,21-Sep-23,Married,0,2900,34800,8700,0,0,0,0,0,0,3625,0,0,0,0,0,0,0,,0,11111653
HO,Main,11112192,Madina,Supply Chain,Muslim,Male,1/10/1990,Labor,1,Bangladesh,31-Aug-23,Married,0,1500,18000,0,0,0,0,0,3600,0,1500,0,0,0,0,0,0,0,,0,11111735
HO,Main,11112193,Riyadh,Supply Chain,Muslim,Male,2/17/1993,Driver,2,Egyptian,20-Sep-23,Single,0,2500,30000,7500,0,0,0,0,0,0,3125,0,0,0,0,0,0,0,,0,11111653
HO,Main,11112194,Jeddah,Supply Chain,Muslim,Male,11/14/1996,Labor,1,Yemeni,21-Sep-23,Single,0,1500,18000,3600,3600,0,0,0,3600,0,1800,0,0,0,0,0,0,0,,0,11111659
HO,Main,11112195,Jeddah,Supply Chain,Muslim,Male,9/3/1984,Labor,1,Bangladesh,21-Sep-23,Single,0,1500,18000,0,0,0,0,0,3600,0,1800,0,0,0,0,0,0,0,,0,11111771
HO,Main,11112196,Jeddah,Supply Chain,Muslim,Male,1/12/1993,Labor,1,Bangladesh,20-Sep-23,Single,0,1500,18000,0,0,0,0,0,3600,0,1500,0,0,0,0,0,0,0,,0,11111659
HO,Main,11112197,Jeddah,Supply Chain,Muslim,Male,8/1/1985,Labor,1,Bangladesh,20-Sep-23,Single,0,1500,18000,0,0,0,0,0,3600,0,1500,0,0,0,0,0,0,0,,0,11111771
HO,Main,11112198,Jeddah,Supply Chain,Muslim,Male,2/1/1999,Labor,1,Bangladesh,21-Sep-23,Single,0,1500,18000,0,0,0,0,0,3600,0,1500,0,0,0,0,0,0,0,,0,11111659
HO,Main,11112199,Jeddah,Supply Chain,Muslim,Male,5/15/1991,Labor,1,Bangladesh,27-Sep-23,Married,0,1500,18000,0,0,0,0,0,3600,0,1500,0,0,0,0,0,0,0,,0,11111771
HO,Main,11112200,Jeddah,Supply Chain,Muslim,Male,10/20/1981,Labor,1,Bangladesh,25-Sep-23,Married,0,1500,18000,0,0,0,0,0,3600,0,1500,0,0,0,0,0,0,0,,0,11111771
HO,Main,11112201,Riyadh,Supply Chain,Muslim,Male,7/15/1989,Driver,2,Pakistani,1-Oct-23,Married,0,2900,34800,8700,0,0,0,0,0,0,3625,0,0,0,0,0,0,0,,0,11111653
HO,Main,11112202,Riyadh,Supply Chain,Muslim,Male,9/25/1988,Labor,1,Indian,11-Oct-23,Single,0,1500,18000,0,0,0,0,0,3600,0,1500,0,0,0,0,0,0,0,,0,11111693
HO,Main,11112203,Riyadh,Facility,Muslim,Male,7/31/2000,Safety and Support Specialist,2,Saudi,2-Mar-24,Single,0,3000,36000,12000,9000,0,0,0,0,0,4000,0,0,0,0,0,0,0,,0,11112405
HO,Main,11112204,Riyadh,Supply Chain,Muslim,Male,12/31/1977,Driver,2,Indian,28-Jan-24,Single,0,2900,34800,8700,0,0,0,0,0,0,3625,0,0,0,0,0,0,0,,0,11111653
HO,Main,11112205,Dammam,Supply Chain,Muslim,Male,5/18/1982,Driver,2,Bangladesh,11-Apr-23,Single,0,2900,34800,8700,0,0,0,0,0,0,3625,0,0,0,0,0,0,0,,0,11111734
HO,Main,11112206,Jeddah,Supply Chain,Muslim,Male,1/1/1982,Driver,2,Yemeni,19-Apr-23,Single,0,2900,34800,8700,0,0,0,0,0,0,3625,0,0,0,0,0,0,0,,0,11111653
HO,Main,11112207,Jeddah,Supply Chain,Muslim,Male,7/28/1991,Picker,1,Jordanian,8-May-23,Single,0,2300,27600,6900,6000,0,0,0,6000,0,2875,0,0,0,0,0,0,0,,0,11111659
HO,Main,11112208,Riyadh,Supply Chain,Muslim,Male,1/2/1985,Driver,2,Sudanese,1-May-23,Single,0,2900,34800,8700,0,0,0,0,0,0,3625,0,0,0,0,0,0,0,,0,11111653
HO,Main,11112209,Khamis,Supply Chain,Muslim,Male,10/16/2000,Labor,1,Bangladesh,15-May-23,Single,0,1500,18000,0,0,0,0,0,3600,0,1500,0,0,0,0,0,0,0,,0,11112258
HO,Main,11112210,Jeddah,Supply Chain,Muslim,Male,11/24/1974,Driver,2,Saudi,29-May-23,Married,0,3000,36000,24000,0,0,0,0,0,0,5000,0,0,0,0,0,0,0,,0,11111653
HO,Main,11112211,Dammam,Facility,Muslim,Male,4/23/1998,Safety and Support Specialist,2,Saudi,14-Mar-23,Single,0,3000,36000,12000,9000,0,0,0,0,0,4000,0,0,0,0,0,0,0,,0,11111742
HO,Main,11112212,Makkah,Facility,Muslim,Male,9/9/1976,Cleaner,1,Bangladesh,27-Jul-23,Single,0,1500,18000,4500,6000,0,0,0,0,0,1500,0,0,0,0,0,0,0,,0,11112405
HO,Main,11112213,Bahra Warehouse,Facility,Muslim,Male,7/23/1993,Safety and Support Specialist,2,Saudi,20-Jul-23,Single,0,3000,36000,12000,9000,3000,0,0,0,0,4000,0,0,0,0,0,0,0,,0,11112407
HO,Main,11112214,Riyadh,Supply Chain,Muslim,Male,11/25/2001,Labor,1,Yemeni,19-Jul-23,Single,0,1500,18000,3600,3600,0,0,0,3600,0,1500,0,0,0,0,0,0,0,,0,11111659
ho,Main,11112215,Jeddah,Supply Chain,Muslim,Male,11/3/1999,Labor,1,Bangladesh,13-Jun-23,Single,0,1500,18000,0,0,0,0,0,3600,0,1500,0,0,0,0,0,0,0,,0,11111714
HO,Main,11112216,Jeddah,Facility,Muslim,Male,6/15/1988,Safety and Support Specialist,2,Saudi,10-Sep-23,Single,0,3000,36000,12000,9000,0,0,0,0,0,4000,0,0,0,0,0,0,0,,0,11112407
HO,Main,11112217,Riyadh,Supply Chain,Muslim,Male,1/2/1997,Labor,1,Bangladesh,27-Jul-23,Single,0,1500,18000,0,0,0,0,0,3600,0,1500,0,0,0,0,0,0,0,,0,11111678
HO,Main,11112218,Riyadh,Supply Chain,Muslim,Male,2/3/1982,Labor,1,Bangladesh,3-Aug-23,Single,0,1500,18000,0,0,0,0,0,3600,0,1500,0,0,0,0,0,0,0,,0,11111508
ho,Main,11112219,Dammam,Facility,Muslim,Male,3/18/1996,Safety and Support Specialist,2,Saudi,3-Aug-22,Single,0,3000,36000,12000,9000,0,0,0,0,0,4000,0,0,0,0,0,0,0,,0,11111742
HO,Main,11112220,Bahra Warehouse,Supply Chain,Muslim,Male,5/25/2002,Labor,1,Pakistani,7-Aug-22,Single,0,1500,18000,3600,3600,0,0,0,3600,0,1800,0,0,0,0,0,0,0,,0,11111771
HO,Main,11112221,Riyadh,Sales,Muslim,Male,2/13/2000,Merchandiser,2,Saudi,17-Jul-22,Single,0,3250,39000,15000,0,6000,1200,0,0,0,4500,0,0,0,0,0,0,0,,0,11111720
HO,Main,11112222,Riyadh,Supply Chain,Muslim,Male,1/1/1986,Driver,2,Sudanese,21-Jul-22,Single,0,2900,34800,8700,0,0,0,0,0,0,3625,0,0,0,0,0,0,0,,0,11111653
HO,Main,11112223,Jeddah,Sales,Muslim,Male,5/8/1997,Merchandiser,2,Saudi,17-Jul-22,Single,0,3250,39000,15000,0,6000,1200,0,0,0,4500,0,0,0,0,0,0,0,,0,11111696
ho,Main,11112224,Jeddah,Facility,Muslim,Male,10/23/1989,Safety and Support Specialist,2,Saudi,27-Mar-22,Single,0,3000,36000,12000,9000,0,0,0,0,0,4000,0,0,0,0,0,0,0,,0,11112407
HO,Main,11112225,Dammam,Supply Chain,Muslim,Male,9/1/1982,Driver,2,Sudanese,10-Apr-22,Single,0,2900,34800,8700,0,0,0,0,0,0,3625,0,0,0,0,0,0,0,,0,11111734
HO,Main,11112226,Madina,Facility,Muslim,Male,7/10/1997,Tea Boy,1,Bangladesh,10-Mar-22,Single,0,1500,18000,0,0,0,0,0,0,0,1500,0,0,0,0,0,0,0,,0,11112405
HO,Main,11112227,Khamis,Facility,Muslim,Male,10/7/1993,Safety and Support Specialist,2,Saudi,13-Mar-22,Single,0,3000,36000,12000,9000,0,0,0,0,0,4000,0,0,0,0,0,0,0,,0,11112405
HO,Main,11112228,Dammam,Supply Chain,Muslim,Male,12/31/1988,Driver,2,Sudanese,9-May-22,Single,0,2900,34800,8700,0,0,0,0,0,0,3625,0,0,0,0,0,0,0,,0,11111734
HO,Main,11112229,Dammam,Facility,Muslim,Male,8/14/2000,Safety and Support Specialist,2,Saudi,18-Dec-22,Single,0,3000,36000,12000,9000,0,0,0,0,0,4000,0,0,0,0,0,0,0,,0,11111742
HO,Main,11112230,Riyadh,Supply Chain,Muslim,Male,1/8/2000,Labor,1,Bangladesh,21-Dec-22,Single,0,1500,18000,0,0,0,0,0,3600,0,1500,0,0,0,0,0,0,0,,0,11112261
HO,Main,11112231,Khamis,Facility,Muslim,Male,5/6/2002,Safety and Support Specialist,2,Saudi,18-Dec-22,Single,0,3000,36000,12000,9000,0,0,0,0,0,4000,0,0,0,0,0,0,0,,0,11112405
HO,Main,11112232,Riyadh,Facility,Muslim,Male,5/31/1999,Safety and Support Specialist,2,Saudi,18-Dec-22,Single,0,3000,36000,12000,9000,0,0,0,0,0,4000,0,0,0,0,0,0,0,,0,11112405
HO,Main,11112233,Jeddah,Sales,Muslim,Male,1/1/1989,Merchandiser,2,Pakistani,15-Dec-22,Single,0,3250,39000,9756,0,6000,1200,0,0,0,4063,0,0,0,0,0,0,0,,0,11111696
HO,Main,11112234,Jeddah,Supply Chain,Muslim,Male,10/8/1983,Driver,2,Egyptian,19-Dec-22,Single,0,2900,34800,8700,0,0,0,0,0,0,3625,0,0,0,0,0,0,0,,0,11111653
HO,Main,11112235,Jeddah,Facility,Muslim,Male,3/6/1995,Labor,1,Bangladesh,17-Nov-22,Single,0,1500,18000,0,0,0,0,0,0,0,1500,0,0,0,0,0,0,0,,0,11112405
HO,Main,11112236,Dammam,Supply Chain,Muslim,Male,3/13/2000,Labor,1,Bangladesh,27-Nov-22,Single,0,1500,18000,0,0,0,0,0,3600,0,1500,0,0,0,0,0,0,0,,0,11111714
HO,Main,11112237,Dammam,Facility,Muslim,Male,12/15/2001,Safety and Support Specialist,2,Saudi,5-Oct-22,Single,0,3000,36000,12000,9000,0,0,0,0,0,4000,0,0,0,0,0,0,0,,0,11111742
HO,Main,11112238,Khamis,Supply Chain,Muslim,Male,3/7/1998,Labor,1,Bangladesh,9-Oct-22,Single,0,1500,18000,0,0,0,0,0,3600,0,1500,0,0,0,0,0,0,0,,0,11112258
HO,Main,11112239,Jeddah,Supply Chain,Muslim,Male,5/11/1999,Labor,1,Bangladesh,18-Sep-22,Single,0,1500,18000,0,0,0,0,0,3600,0,1500,0,0,0,0,0,0,0,,0,11111771
HO,Main,11112240,Dammam,Facility,Muslim,Male,3/10/1992,Safety and Support Specialist,2,Saudi,7-Aug-22,Single,0,3000,36000,12000,9000,0,0,0,0,0,4000,0,0,0,0,0,0,0,,0,11111742
HO,Main,11112241,Dammam,Supply Chain,Muslim,Male,1/19/1999,Labor,1,Bangladesh,23-Aug-22,Single,0,1500,18000,0,0,0,0,0,3600,0,1500,0,0,0,0,0,0,0,,0,11111714
HO,Main,11112242,Riyadh,Facility,Muslim,Male,11/30/1999,Safety and Support Specialist,2,Saudi,4-Sep-22,Single,0,3000,36000,15000,9000,0,0,0,0,0,4250,0,0,0,0,0,0,0,,0,11112405
HO,Main,11112243,Riyadh,Supply Chain,Muslim,Male,1/16/1998,Driver,2,Yemeni,5-Sep-22,Single,0,2900,34800,8700,0,0,0,0,0,0,3625,0,0,0,0,0,0,0,,0,11111653
HO,Main,11112244,Riyadh,Supply Chain,Muslim,Male,6/17/1977,Logistics Manager,5,Saudi,1-May-23,Married,0,19000,228000,57000,24000,9600,3000,0,48000,0,23750,0,0,0,0,0,0,0,,0,N-1
HO,Main,11112245,Riyadh,Gov us,Muslim,Male,1/1/1981,Tender Operations Manager,6,Egyptian,23-Jul-20,Married,0,30000,360000,90000,36000,11520,3000,0,0,0,37500,0,0,0,0,0,0,0,,0,11112252
ho,Main,11112246,HO-Jeddah,Gov us,Muslim,Male,1/1/1951,Tender Award Manager,6,Sudanese,1-Mar-88,Married,3,26000,312000,84000,36000,11520,3000,0,0,0,33000,33041.04,0,0,0,0,1,0,,0,11112252
ho,Main,11112247,Riyadh,Gov us,Muslim,Male,1/1/1965,Financial Controller,6,Egyptian,1-Jan-02,Married,3,18000,216000,54000,36000,0,3000,0,0,0,22500,16520.52,0,0,0,0,4,0,,0,11112252
ho,Main,11112248,Riyadh,Gov us,Muslim,Male,1/1/1979,District Sales Manager,5,Egyptian,10-Jan-03,Married,3,16100,193200,48300,24000,9600,3000,0,0,0,20900,7006.8,0,0,0,0,0,0,,0,11112249
HO,Main,11112249,Riyadh,Gov us,Muslim,Male,2/21/1980,Tender Execution Manager,6,Egyptian,7-Jun-15,Married,2,26000,312000,78000,36000,11520,3000,0,0,0,33625,0,0,0,0,0,1,0,,0,11112252
HO,Main,11112250,Jeddah,Gov us,Muslim,Male,8/3/1985,District Sales Manager,5,Egyptian,17-Jul-16,Married,2,14375,172500,43128,24000,9600,3000,0,0,0,17969,0,0,0,0,0,0,0,,0,11112249
HO,Main,11112251,Riyadh,Gov us,Muslim,Male,4/15/1988,Collection Manager,6,Egyptian,11-Oct-16,Married,2,18000,216000,54000,36000,11520,3000,0,0,0,22500,0,0,0,0,0,0,0,,0,11112252
ho,Main,11112252,HO-Jeddah,Gov us,Muslim,Male,1/1/1966,Governmental Business Director,7,Egyptian,15-Feb-13,Married,3,42000,504000,126000,42000,11520,4800,0,0,0,46125,20589.12,0,0,0,0,0,0,,0,N-1
ho,Main,11112253,HO-Jeddah,Gov us,Muslim,Male,3/8/1980,Tender Award Coordinator,3,Saudi,1-Feb-07,Married,2,6900,82800,24000,13200,5760,1800,0,12000,0,8900,6411,0,0,0,0,3,0,,0,11112246
ho,Main,11112254,HO-Jeddah,Gov us,Muslim,Male,5/14/1972,Senior Business Support Officer,3,Sudanese,15-Dec-02,Single,0,8500,102000,25500,13200,0,1800,0,9000,0,10625,8383.56,0,0,0,0,0,0,,0,11112246
ho,Main,11112255,HO-Jeddah,Gov us,Muslim,Male,1/1/1968,Tender Award Coordinator,3,Sudanese,1-Jun-99,Married,4,9200,110400,27600,13200,9600,1800,0,0,0,11500,7795.92,0,0,0,0,0,0,,0,11112246
ho,Main,11112256,HO-Jeddah,Gov us,Muslim,Male,6/15/1979,Tender Execution Supervisor,4,Saudi,1-Dec-99,Married,4,9775,117300,29316,18000,9600,2400,0,18000,0,12218,8383.56,0,0,0,0,5,0,,0,11112246
ho,Main,11112257,Dammam,Gov us,Muslim,Male,3/28/1985,Tender Execution Representative,3,Saudi,9-Jun-12,Single,0,6000,72000,24000,13200,5760,1800,0,0,0,8000,2589,0,0,0,0,0,0,,0,11112289
ho,Main,11112258,Khamis,Supply Chain,Muslim,Male,3/7/1985,Store Keeper,3,Egyptian,15-May-11,Single,0,5250,63000,15756,13200,0,0,0,0,0,6563,2071.2,0,0,0,0,0,0,,0,11111659
ho,Main,11112259,Jeddah,Supply Chain,Muslim,Male,1/16/1990,Store Keeper,3,Saudi,1-Mar-11,Single,0,6000,72000,24000,13200,0,0,0,0,0,8000,2046.6,0,0,0,0,0,0,,0,11112244
ho,Main,11112260,Jeddah,Gov us,Muslim,Male,10/18/1965,Tender Execution Supervisor,4,Jordanian,3-Jan-09,Married,5,9775,117300,29316,18000,9600,2400,0,0,0,12218,7643.76,0,0,0,0,0,0,,0,11112250
ho,Main,11112261,Riyadh,Supply Chain,Muslim,Male,1/1/1972,Store Keeper,3,Egyptian,23-Aug-08,Married,0,5750,69000,17256,13200,0,0,0,0,0,7188,6263.04,0,0,0,0,0,0,,0,11112244
ho,Main,11112262,Dammam,Gov us,Muslim,Male,11/13/1980,Tender Execution Representative,3,Saudi,2-Aug-08,Married,2,6000,72000,24000,13200,11520,1800,0,0,0,8000,6904.08,0,0,0,0,3,0,,0,11112289
ho,Main,11112263,Jeddah,Gov us,Muslim,Male,1/20/1982,Governmental Sales Collector,3,Saudi,17-Oct-09,Married,3,6000,72000,24000,13200,5760,1800,0,0,0,8000,3205.44,0,0,0,0,3,0,,0,11112292
HO,Main,11112264,Jeddah,Gov us,Muslim,Male,6/18/1988,Governmental Sales Collector,3,Saudi,28-Dec-16,Single,0,6000,72000,24000,13200,8640,1800,0,0,0,8000,0,0,0,0,0,0,0,,0,11112292
HO,Main,11112265,Riyadh,Gov us,Muslim,Male,7/7/1993,Tender Execution Supervisor,4,Saudi,4-Dec-16,Single,0,8500,102000,25500,18000,9600,2400,0,0,0,10625,0,0,0,0,0,0,0,,0,11112248
HO,Main,11112266,Jeddah,Gov us,Muslim,Male,4/19/1986,Governmental Sales Collector,3,Saudi,1-May-16,Married,0,6000,72000,24000,13200,5760,1800,0,0,0,8000,0,0,0,0,0,0,0,,0,11112292
HO,Main,11112267,Khamis,Gov us,Muslim,Male,2/19/1992,Tender Execution Supervisor,4,Egyptian,11-May-16,Married,2,9200,110400,27600,18000,9600,2400,0,0,0,11500,0,0,0,0,0,0,0,,0,11112250
HO,Main,11112268,Jeddah,Gov us,Muslim,Male,12/30/1996,Governmental Sales Collector,3,Saudi,23-Dec-15,Single,0,6000,72000,24000,13200,5760,1800,0,0,0,8000,0,0,0,0,0,0,0,,0,11112292
HO,Main,11112269,Riyadh,Supply Chain,Muslim,Male,7/5/1989,Clearance Controller,5,Saudi,12-Jun-16,Single,0,12000,144000,36000,24000,5760,3000,0,0,0,15000,0,0,0,0,0,0,0,,0,11112364
ho,Main,11112270,Riyadh,Gov us,Muslim,Male,3/13/1992,Tender Execution Representative,3,Egyptian,17-Jul-16,Married,0,7200,86400,21600,13200,7680,1800,0,0,0,9000,0,0,0,0,0,0,0,,0,11112248
ho,Main,11112271,Riyadh,Gov us,Muslim,Male,1/1/1990,Senior Tender operations planner,3,Egyptian,14-Aug-16,Married,1,9775,117300,29316,13200,7680,1800,0,0,0,11900,0,0,0,0,0,0,0,,0,11112245
ho,Main,11112272,Riyadh,Gov us,Muslim,Male,1/1/1990,Tender Operations Planner Supervisor,4,Egyptian,14-Aug-16,Married,2,10000,120000,30000,18000,9600,2400,0,0,0,12125,0,0,0,0,0,0,0,,0,11112245
HO,Main,11112273,Riyadh,Gov us,Muslim,Male,6/12/1982,Tender Execution Representative,3,Saudi,1-Nov-15,Single,0,6000,72000,18000,13200,5760,1800,0,0,0,7500,0,0,0,0,0,0,0,,0,11112283
HO,Main,11112274,Jeddah,Gov us,Muslim,Male,11/12/1991,Tender Award Coordinator,3,Saudi,1-Jun-15,Single,0,6000,72000,24000,13200,5760,1800,0,6000,0,8000,0,0,0,0,0,0,0,,0,11112256
HO,Main,11112275,Jeddah,Gov us,Muslim,Male,7/15/1997,Tender Execution Representative,3,Saudi,4-Oct-15,Single,0,6000,72000,24000,13200,5760,1800,0,0,0,8000,0,0,0,0,0,0,0,,0,11112250
HO,Main,11112276,Jeddah,Gov us,Muslim,Male,5/1/1985,Tender Execution Representative,3,Saudi,6-May-15,Single,0,6000,72000,24000,13200,5760,1800,0,0,0,8000,0,0,0,0,0,0,0,,0,11112295
HO,Main,11112277,Riyadh,Gov us,Muslim,Male,12/3/1990,Tender Execution Supervisor,4,Saudi,27-May-15,Single,0,9775,117300,29316,18000,9600,2400,0,0,0,12218,0,0,0,0,0,0,0,,0,11112248
HO,Main,11112278,Riyadh,Gov us,Muslim,Male,11/2/1984,Governmental Sales Collector,3,Saudi,7-Jun-15,Single,0,6000,72000,24000,13200,5760,1800,0,0,0,8000,0,0,0,0,0,0,0,,0,11112325
ho,Main,11112279,Dammam,Gov us,Muslim,Male,8/5/1987,Tender Award Coordinator,3,Saudi,13-Aug-15,Married,0,6000,72000,24000,13200,5760,1800,0,6000,0,8000,0,0,0,0,0,0,0,,0,11112256
HO,Main,11112280,Jeddah,Gov us,Muslim,Male,1/1/1985,Governmental Sales Collector,3,Saudi,6-Sep-15,Single,0,6000,72000,24000,13200,5760,1800,0,0,0,8000,0,0,0,0,0,0,0,,0,11112292
HO,Main,11112281,Riyadh,Gov us,Muslim,Male,1/1/1978,Business Support Officer,3,Indian,2-Sep-15,Married,0,8800,105600,26400,13200,0,1800,0,0,0,11000,0,0,0,0,0,0,0,,0,11112252
HO,Main,11112282,Riyadh,Gov us,Muslim,Male,4/30/1990,Tender Award Coordinator,3,Saudi,21-Sep-14,Single,0,8050,96600,24144,13200,9600,1800,0,6000,0,10062,904.08,0,0,0,0,0,0,,0,11112246
ho,Main,11112283,Riyadh,Gov us,Muslim,Male,6/3/1993,Tender Execution Supervisor,4,Saudi,13-Oct-14,Single,0,9775,117300,29316,18000,9600,2400,0,0,0,12218,0,0,0,0,0,0,0,,0,11112248
HO,Main,11112284,Riyadh,Gov us,Muslim,Male,2/5/1986,Tender Execution Representative,3,Saudi,1-Mar-15,Single,0,6000,72000,24000,13200,5760,1800,0,0,0,8000,0,0,0,0,0,0,0,,0,11112248
HO,Main,11112285,Jeddah,Gov us,Muslim,Male,3/23/1992,Tender Execution Representative,3,Saudi,10-Mar-15,Single,0,6000,72000,24000,13200,5760,1800,0,0,0,8000,0,0,0,0,0,0,0,,0,11112260
HO,Main,11112286,Jeddah,Gov us,Muslim,Male,2/7/1981,Marketing Specialist,3,Saudi,1-May-15,Single,0,6000,72000,18000,13200,5760,1800,0,0,0,7500,0,0,0,0,0,0,0,,0,11112250
ho,Main,11112287,Riyadh,Gov us,Muslim,Male,8/9/1989,Tender Execution Representative,3,Saudi,4-May-13,Single,0,6000,72000,18000,13200,5760,1800,0,0,0,7500,2589.12,0,0,0,0,0,0,,0,11112283
ho,Main,11112288,Dammam,Gov us,Muslim,Male,1/15/1984,Tender Execution Representative,3,Saudi,5-Mar-13,Single,0,6000,72000,24000,13200,5760,1800,0,0,0,8000,2589,0,0,0,0,0,0,,0,11112289
ho,Main,11112289,Dammam,Gov us,Muslim,Male,3/17/1987,Tender Execution Supervisor,4,Saudi,11-Feb-13,Married,0,9775,117300,29316,18000,9600,2400,0,0,0,12218,2958.96,0,0,0,0,1,0,,0,11112248
ho,Main,11112290,Jeddah,Gov us,Muslim,Male,10/13/1983,Tender Award Coordinator,3,Saudi,2-Feb-13,Single,0,6000,72000,24000,13200,5760,1800,0,6000,0,8000,2589,0,0,0,0,0,0,,0,11112256
ho,Main,11112291,HO-Jeddah,Gov us,Muslim,Male,9/6/1980,Accountant,3,Egyptian,15-Apr-12,Single,0,6000,72000,18000,13200,0,0,0,0,0,7500,3106.8,0,0,0,0,0,0,,0,11112247
HO,Main,11112292,Jeddah,Gov us,Muslim,Male,8/24/1986,Governmental Collection Supervisor,4,Saudi,6-Mar-14,Married,0,9775,117300,29316,18000,7680,2400,0,0,0,12218,2958.96,0,0,0,0,0,0,,0,11112251
ho,Main,11112293,Riyadh,Gov us,Muslim,Male,6/13/1990,Tender Execution Representative,3,Saudi,22-Dec-13,Single,0,6000,72000,24000,13200,5760,1800,0,0,0,8000,2268.48,0,0,0,0,0,0,,0,11112248
ho,Main,11112294,Riyadh,Gov us,Christian,Male,6/2/1969,Tender operations planner,3,Egyptian,16-Feb-14,Married,0,9775,117300,29316,13200,5760,1800,0,0,0,12218,5486.28,0,0,0,0,0,0,,0,11112245
HO,Main,11112295,Jeddah,Gov us,Muslim,Male,5/22/1991,Tender Execution Supervisor,4,Saudi,1-May-14,Married,0,9775,117300,29316,18000,9600,2400,0,0,0,12218,2589,0,0,0,0,0,0,,0,11112250
HO,Main,11112296,Dammam,Gov us,Muslim,Male,6/28/1990,Governmental Sales Collector,3,Saudi,11-Jun-14,Single,0,6000,72000,24000,13200,5760,1800,0,0,0,8000,2589,0,0,0,0,0,0,,0,11112325
HO,Main,11112297,Riyadh,Gov us,Muslim,Male,4/20/1992,Tender Execution Representative,3,Saudi,7-Aug-14,Single,0,6000,72000,24000,13200,5760,1800,0,0,0,8000,2538.96,0,0,0,0,0,0,,0,11112265
HO,Main,11112298,Riyadh,Gov us,Muslim,Male,12/11/1993,Marketing Specialist,3,Saudi,23-Aug-22,Single,0,6000,72000,24000,13200,5760,1800,0,0,0,8000,0,0,0,0,0,0,0,,0,11112277
HO,Main,11112299,Jeddah,Gov us,Muslim,Male,8/27/1997,Marketing Specialist,3,Saudi,23-Aug-22,Single,0,6000,72000,24000,13200,5760,1800,0,0,0,8000,0,0,0,0,0,0,0,,0,11112250
HO,Main,11112300,Riyadh,Gov us,Muslim,Female,1/25/1995,Senior Tender operations planner,3,Saudi,15-Sep-22,Single,0,7200,86400,21600,13200,7680,1800,0,0,0,9000,0,0,0,0,0,0,0,,0,11112245
HO,Main,11112301,Riyadh,Gov us,Muslim,Male,5/31/1996,Governmental Sales Collector,3,Saudi,18-Sep-22,Single,0,6000,72000,18000,13200,5760,1800,0,0,0,7500,0,0,0,0,0,0,0,,0,11112321
HO,Main,11112302,Riyadh,Gov us,Muslim,Male,6/15/1993,Governmental Collection Supervisor,4,Saudi,2-Oct-22,Married,0,7500,90000,24000,18000,7680,2400,0,0,0,9500,0,0,0,0,0,0,0,,0,11112251
HO,Main,11112303,Dammam,Gov us,Muslim,Male,9/25/1991,Governmental Sales Collector,3,Saudi,15-Sep-22,Married,0,6000,72000,24000,13200,5760,1800,0,0,0,8000,0,0,0,0,0,0,0,,0,11112302
ho,Main,11112304,Riyadh,Gov us,Muslim,Male,10/8/1994,Marketing Specialist,3,Saudi,10-Mar-22,Single,0,6000,72000,18000,13200,5760,1800,0,0,0,7500,0,0,0,0,0,0,0,,0,11112283
HO,Main,11112305,Khamis,Gov us,Muslim,Male,2/27/1999,Marketing Specialist,3,Saudi,15-Jun-22,Single,0,6000,72000,18000,13200,5760,1800,0,0,0,7500,0,0,0,0,0,0,0,,0,11112267
HO,Main,11112306,Jeddah,Gov us,Muslim,Male,7/24/1989,Marketing Specialist,3,Saudi,20-Sep-23,Single,0,6000,72000,18000,13200,7680,1800,0,0,0,7500,0,0,0,0,0,0,0,,0,11111865
HO,Main,11112307,Riyadh,Gov us,Muslim,Male,4/2/1996,Marketing Specialist,3,Saudi,17-Sep-23,Single,0,6000,72000,18000,13200,5760,1800,0,0,0,7500,0,0,0,0,0,0,0,,0,11112248
HO,Main,11112308,Riyadh,Gov us,Muslim,Male,10/15/1998,Marketing Specialist,3,Saudi,17-Sep-23,Single,0,6000,72000,18000,13200,7680,1800,0,0,0,7500,0,0,0,0,0,0,0,,0,11111660
HO,Main,11112309,Riyadh,Gov us,Muslim,Male,4/29/1997,Governmental Sales Collector,3,Saudi,17-Sep-23,Single,0,6000,72000,18000,13200,5760,1800,0,0,0,7500,0,0,0,0,0,0,0,,0,11112302
HO,Main,11112310,Riyadh,Gov us,Muslim,Male,7/30/1999,Accountant,3,Saudi,1-May-23,Single,0,6500,78000,19500,13200,0,0,0,0,0,8125,0,0,0,0,0,0,0,,0,11112321
HO,Main,11112311,Khamis,Gov us,Muslim,Male,1/17/1994,Marketing Specialist,3,Saudi,25-Sep-23,Single,0,6000,72000,18000,13200,5760,1800,0,0,0,7500,0,0,0,0,0,0,0,,0,11112267
HO,Main,11112312,Riyadh,Gov us,Muslim,Female,2/6/2001,Tender operations planner,3,Saudi,2-Jun-24,Single,0,6900,82800,20700,13200,7680,1800,0,0,0,8625,0,0,0,0,0,0,0,,0,11112245
ho,Main,11112313,Riyadh,Gov us,Muslim,Male,9/3/2000,Accountant,3,Saudi,3-Jul-24,Single,0,6500,78000,19500,13200,0,0,0,0,0,8125,0,0,0,0,0,0,0,,0,11112321
ho,Main,11112314,Riyadh,Gov us,Muslim,Male,5/2/1993,Marketing Specialist,3,Saudi,11-Jul-24,Married,0,6000,72000,24000,13200,5760,1800,0,0,0,8000,0,0,0,0,0,0,0,,0,11112265
HO,Main,11112315,Riyadh,Gov us,Muslim,Male,3/16/2002,Tender Award Coordinator,3,Saudi,4-Oct-21,Single,0,6000,72000,18000,13200,5760,1800,0,0,0,7500,0,0,0,0,0,0,0,,0,11112246
ho,Main,11112316,Riyadh,Gov us,Muslim,Female,5/21/1992,Senior Tender operations planner,3,Saudi,16-Nov-21,Single,0,8400,100800,25200,13200,7680,1800,0,0,0,10500,0,0,0,0,0,0,0,,0,11112245
HO,Main,11112317,Madina,Gov us,Muslim,Male,7/6/1986,Direct Purchase Representative,3,Saudi,11-Sep-18,Single,0,6000,72000,24000,13200,9600,1800,0,0,0,8000,0,0,0,0,0,0,0,,0,11111865
HO,Main,11112318,Riyadh,Gov us,Muslim,Male,10/7/1986,Governmental Sales Collector,3,Saudi,21-Jun-20,Married,0,6000,72000,24000,13200,5760,1800,0,0,0,8000,0,0,0,0,0,0,0,,0,11112302
HO,Main,11112319,Khamis,Gov us,Muslim,Male,9/14/1993,Governmental Sales Collector,3,Saudi,15-Sep-20,Single,0,6000,72000,18000,13200,5760,1800,0,0,0,7500,0,0,0,0,0,0,0,,0,11112292
HO,Main,11112320,Riyadh,Gov us,Muslim,Male,8/22/1994,Governmental Sales Collector,3,Saudi,7-Oct-20,Married,0,6000,72000,24000,13200,5760,1800,0,0,0,8000,0,0,0,0,0,0,0,,0,11112302
HO,Main,11112321,Riyadh,Gov us,Muslim,Male,6/19/1993,Senior Accountant,3,Egyptian,19-Oct-20,Married,2,7000,84000,21000,13200,5760,0,0,0,0,9250,0,0,0,0,0,0,0,,0,11112251
HO,Main,11112322,Riyadh,Gov us,Muslim,Male,6/1/1989,Senior Accountant,3,Egyptian,27-Oct-20,Single,0,6500,78000,21000,13200,0,0,0,0,0,8250,0,0,0,0,0,0,0,,0,11112247
HO,Main,11112323,Riyadh,Gov us,Muslim,Male,4/2/1998,Governmental Sales Collector,3,Saudi,16-Aug-20,Single,0,6000,72000,18000,13200,5760,1800,0,0,0,7500,0,0,0,0,0,0,0,,0,11112325
HO,Main,11112324,Jeddah,Gov us,Muslim,Male,3/12/1969,Tender Execution Representative,3,Saudi,9-Sep-19,Married,0,6000,72000,24000,13200,8640,1800,0,0,0,8000,0,0,0,0,0,0,0,,0,11112295
HO,Main,11112325,Riyadh,Gov us,Muslim,Male,2/14/1990,Governmental Collection Supervisor,4,Yemeni,2-Sep-18,Single,0,8500,102000,25500,18000,7680,2400,0,0,0,10625,0,0,0,0,0,0,0,,0,11112251
HO,Main,11112326,Jeddah,Gov us,Muslim,Male,12/12/1994,Tender Execution Representative,3,Saudi,2-Sep-18,Single,0,6000,72000,24000,13200,7680,1800,0,0,0,8000,0,0,0,0,0,0,0,,0,11112295
HO,Main,11112327,Riyadh,Gov us,Muslim,Male,2/23/1985,Tender Operations Planner Supervisor,4,Egyptian,1-Nov-18,Single,0,10000,120000,30000,18000,9600,2400,0,0,0,12500,0,0,0,0,0,0,0,,0,11112245
HO,Main,11112328,Riyadh,Gov us,Muslim,Male,6/2/1975,Tender Execution Representative,3,Egyptian,19-Nov-18,Single,0,6000,72000,18000,13200,5760,1800,0,0,0,7500,0,0,0,0,0,0,0,,0,11112248
HO,Main,11112329,Riyadh,Gov us,Muslim,Male,4/19/1984,Tender Execution Representative,3,Saudi,29-Nov-18,Single,0,6000,72000,24000,13200,5760,1800,0,0,0,8000,0,0,0,0,0,0,0,,0,11112277
HO,Main,11112330,Riyadh,Gov us,Muslim,Male,11/3/1981,Tender operations planner,3,Egyptian,2-Dec-18,Single,0,8400,100800,25200,13200,7680,1800,0,0,0,10500,0,0,0,0,0,0,0,,0,11112245
ho,Main,11112331,Riyadh,Gov us,Muslim,Male,4/21/1992,Tender Execution Representative,3,Egyptian,23-Oct-17,Single,0,6000,72000,18000,13200,5760,1800,0,0,0,7500,0,0,0,0,0,0,0,,0,11112277
HO,Main,11112332,Riyadh,Gov us,Muslim,Male,6/1/1983,Tender Execution Representative,3,Saudi,15-Oct-17,Single,0,6000,72000,24000,13200,5760,1800,0,0,0,8000,0,0,0,0,0,0,0,,0,11112283
ho,Main,11112333,Riyadh,Gov us,Muslim,Male,8/12/1987,Tender Award Coordinator,3,Saudi,2-Jul-17,Single,0,6000,72000,24000,13200,5760,1800,0,0,0,8000,0,0,0,0,0,0,0,,0,11112256
HO,Main,11112334,Madina,Gov us,Muslim,Male,8/23/1993,Tender Execution Representative,3,Saudi,27-May-17,Married,0,6000,72000,24000,13200,5760,1800,0,0,0,8000,0,0,0,0,0,0,0,,0,11112260
ho,Main,11112335,Jeddah,Gov us,Muslim,Male,7/19/1998,Tender Execution Representative,3,Saudi,28-May-17,Single,0,6000,72000,24000,13200,5760,1800,0,0,0,8000,0,0,0,0,0,0,0,,0,11112260
ho,Main,11112336,Riyadh,Supply Chain,Muslim,Male,1/1/1976,Data Entry,3,Egyptian,18-Apr-17,Single,0,3000,36000,9000,13200,5760,1800,0,0,0,3750,0,0,0,0,0,0,0,,0,11112244
HO,Main,11112337,Riyadh,Gov us,Muslim,Male,11/1/1985,Senior Accountant,3,Egyptian,3-Jul-18,Single,0,6500,78000,21000,13200,0,0,0,0,0,8250,0,0,0,0,0,0,0,,0,11112247
HO,Main,11112338,Jeddah,Gov us,Muslim,Male,10/7/1993,Tender Execution Representative,3,Saudi,24-May-18,Single,0,6000,72000,24000,13200,5760,1800,0,0,0,8000,0,0,0,0,0,0,0,,0,11112295
HO,Main,11112339,Jeddah,Gov us,Muslim,Male,3/13/1995,Tender Execution Representative,3,Saudi,18-Mar-18,Single,0,6000,72000,18000,13200,5760,1800,0,0,0,7500,0,0,0,0,0,0,0,,0,11112260
HO,Main,11112340,Riyadh,Gov us,Muslim,Male,5/2/2004,Governmental Sales Collector,3,Saudi,21-Sep-25,Single,0,5000,60000,15000,13200,5760,1800,0,0,0,6250,0,0,0,0,0,0,0,,0,11112325
HO,Main,11112341,Dammam,Gov us,Muslim,Male,10/22/1993,Marketing Specialist,3,Saudi,25-Sep-25,Single,0,5000,60000,15000,13200,5760,1800,0,0,0,6250,0,0,0,0,0,0,0,,0,11112289
HO,Main,11112342,Riyadh,Gov us,Muslim,Male,5/22/2003,Accountant,3,Saudi,21-Sep-25,Single,0,5500,66000,16500,13200,0,0,0,0,0,6875,0,0,0,0,0,0,0,,0,11112251
HO,Main,11112343,Riyadh,Gov us,Muslim,Female,3/20/2002,Tender operations planner,3,Saudi,15-Sep-25,Single,0,6000,72000,18000,13200,7680,0,0,0,0,7500,0,0,0,0,0,0,0,,0,11112245
HO,Main,11112344,Riyadh,Gov us,Muslim,Male,2/6/1996,Tender operations planner,3,Saudi,17-Aug-25,Single,0,6000,72000,18000,13200,7680,0,0,0,0,7500,0,0,0,0,0,0,0,,0,11112245
HO,Main,11112345,Riyadh,Gov us,Muslim,Male,10/28/2001,Marketing Specialist,3,Saudi,7-Sep-25,Single,0,5000,60000,15000,13200,7680,1800,0,0,0,6250,0,0,0,0,0,0,0,,0,11111660
HO,Main,11112346,Riyadh,Gov us,Muslim,Female,12/9/1997,Tender operations planner,3,Saudi,25-Sep-24,Married,0,6900,82800,20700,13200,7680,0,0,0,0,8625,0,0,0,0,0,0,0,,0,11112245
HO,Main,11112347,Riyadh,Gov us,Muslim,Male,2/9/1998,Accountant,3,Saudi,1-Jan-25,Married,0,5500,66000,24000,13200,0,0,0,0,0,7500,0,0,0,0,0,0,0,,0,11112321
HO,Main,11112348,Riyadh,Gov us,Muslim,Female,3/10/1995,Tender operations planner,3,Saudi,19-Jan-25,Single,0,6000,72000,18000,13200,7680,0,0,0,0,7500,0,0,0,0,0,0,0,,0,11112245
HO,Main,11112349,Riyadh,Gov us,Muslim,Male,7/5/2000,Marketing Specialist,3,Saudi,16-Mar-25,Single,0,5000,60000,15000,13200,5760,1800,0,0,0,6250,0,0,0,0,0,0,0,,0,11112277
HO,Main,11112350,HO-Jeddah,Supply Chain,Muslim,Male,10/20/1985,Picker,1,Ethiopian,26-May-14,Single,0,2300,27600,3600,0,0,0,0,0,0,2600,986.28,0,0,0,0,0,0,,0,11112261
ho,Main,11112351,Riyadh,Supply Chain,Muslim,Male,1/1/1966,Forklift Operator,2,Bangladesh,5-Nov-97,Single,0,2350,28200,0,0,0,0,0,0,0,2741.75,2381.4,0,0,0,0,0,0,,0,11111730
ho,Main,11112352,Riyadh,Supply Chain,Muslim,Male,1/1/1967,Labor,1,Bangladesh,21-Nov-97,Single,0,1750,21000,0,0,0,0,0,3600,0,2041.73,1631.4,0,0,0,0,0,0,,0,11112261
ho,Main,11112353,Riyadh,Facility,Muslim,Male,1/1/1978,Tea Boy,1,Bangladesh,1-Aug-03,Single,0,2000,24000,6000,6000,0,0,0,0,0,2500,1479.36,0,0,0,0,0,0,,0,11112405
ho,Main,11112354,Riyadh,Supply Chain,Muslim,Male,1/12/1978,Picker,1,Bangladesh,13-Aug-03,Single,0,1800,21600,0,0,0,0,0,6000,0,2100.06,2317.8,0,0,0,0,0,0,,0,11111730
ho,Main,11112355,Riyadh,Supply Chain,Muslim,Male,1/1/1974,Forklift Operator,2,Bangladesh,27-Nov-04,Single,0,2000,24000,0,0,0,0,0,0,0,2333.4,1631.4,0,0,0,0,0,0,,0,11112261
HO,Main,11112356,Riyadh,Supply Chain,Muslim,Male,1/1/1999,Labor,1,Yemeni,30-May-23,Single,0,1500,18000,0,6000,0,0,0,3600,0,1500,0,0,0,0,0,0,0,,0,11112261
HO,Main,11112357,HO-Jeddah,Commercial,Muslim,Male,10/9/1963,Operations Manager,5,Egyptian,1-Aug-17,Married,2,15000,180000,45000,36000,0,3000,0,0,0,18750,0,0,0,0,0,0,0,,0,11112475
HO,Main,11112358,HO-Jeddah,Sales,Muslim,Male,8/31/1978,Business Unit Manager,6,Egyptian,15-Feb-25,Married,0,37000,444000,111000,36000,11520,3000,0,0,0,45000,0,0,0,0,0,0,0,,0,11112370
HO,Main,11112359,HO-Jeddah,Sales,Muslim,Male,6/1/1974,Business Unit Manager,6,Egyptian,1-Sep-22,Married,0,26000,312000,78000,36000,11520,3000,0,0,0,32500,0,0,0,0,0,0,0,,0,11112370
HO,Main,11112360,HO-Jeddah,Supply Chain,Muslim,Male,10/4/1991,Warehouse Control Manager,6,French,17-Oct-21,Married,1,13000,156000,39000,36000,9600,3000,0,0,0,17250,0,0,0,0,0,0,0,,0,N-1
ho,Main,11112361,HO-Jeddah,Sales,Muslim,Male,8/7/1972,Business Unit Manager,6,Egyptian,1-Jan-07,Married,2,26000,312000,78000,36000,11520,3000,0,0,0,32500,17260.2,0,0,0,0,2,0,,0,11112370
ho,Main,11112362,HO-Jeddah,Supply Chain,Muslim,Male,5/12/1973,Purchasing Manager,5,Indian,25-Dec-07,Married,3,15500,186000,46500,24000,9600,3000,0,0,0,19375,10787.64,0,0,0,0,3,0,,0,11112364
ho,Main,11112363,HO-Jeddah,Sales,Christian,Male,9/4/1971,Business Unit Manager,6,Egyptian,1-Jan-11,Married,2,26000,312000,78000,36000,11520,3000,0,0,0,32500,15246.72,0,0,0,0,3,0,,0,11112370
ho,Main,11112364,HO-Jeddah,Supply Chain,Muslim,Male,2/16/1979,Logistics Manager,6,Saudi,28-Apr-12,Married,0,12500,150000,37500,36000,9600,3000,0,0,0,15625,5054.76,0,0,0,0,0,0,,0,11112371
ho,Main,11112365,HO-Jeddah,Supply Chain,Muslim,Male,5/10/1980,Quality Manager,6,Egyptian,15-Sep-12,Married,2,16000,192000,48000,36000,11520,3000,0,0,0,20000,6410.88,0,0,0,0,0,0,,0,N-1
ho,Main,11112366,HO-Jeddah,Supply Chain,Muslim,Male,7/10/1975,Clearance Manager,6,Saudi,1-Jan-14,Married,0,16000,192000,48000,36000,9600,3000,0,0,0,20000,6287.64,0,0,0,0,0,0,,0,11112371
HO,Main,11112367,HO-Jeddah,Supply Chain,Muslim,Male,4/15/1977,Facilities Manager,6,Yemeni,7-Dec-14,Married,2,17000,204000,56004,36000,9600,3000,0,0,0,21667,0,0,0,0,0,0,0,,0,N-1
HO,Main,11112368,HO-Jeddah,Leadership,Muslim,Male,9/24/1982,Business Development Manager,6,Egyptian,3-Aug-16,Married,4,30000,360000,90000,36000,11520,3000,0,0,0,37500,0,0,0,0,0,0,0,,0,11112475
ho,Main,11112369,HO-Jeddah,Leadership,Muslim,Male,1/1/1975,Commercial Director,7,Egyptian,1-Jul-10,Married,4,35000,420000,105000,42000,11520,4800,0,0,0,43750,14928,0,0,0,0,0,0,,0,N-1
ho,Main,11112370,HO-Jeddah,Sales,Muslim,Male,10/30/1960,Sales Director,7,Egyptian,23-May-09,Married,3,42000,504000,126000,42000,11520,4800,0,0,0,46125,38794.56,0,0,0,0,2,0,,0,N-1
ho,Main,11112371,HO-Jeddah,Supply Chain,Muslim,Male,2/16/1979,Supply Chain Director,7,Saudi,1-Jan-24,Married,0,42000,504000,126000,42000,11520,4800,0,0,0,45000,0,0,0,0,0,0,0,,0,N-1
HO,Main,11112372,HO-Jeddah,Leadership,Muslim,Male,12/3/1975,Business Operations Director,7,Egyptian,18-Jun-19,Married,2,42000,504000,126000,42000,11520,4800,0,0,0,45000,0,0,0,0,0,0,0,,0,N-1
ho,Main,11112373,HO-Jeddah,Supply Chain,Muslim,Male,4/18/1985,Demand Planner,3,Saudi,27-Feb-05,Married,0,8500,102000,25500,13200,0,1800,0,0,0,10625,8486.16,0,0,0,0,0,0,,0,11112362
ho,Main,11112374,HO-Jeddah,Ops,Muslim,Male,7/12/1973,Exhibitions and Conferences Supervisor,4,Pakistani,15-Jan-04,Married,3,10000,120000,30000,18000,4800,2400,0,0,0,13562.5,9863.04,0,0,0,0,3,0,,0,11112376
ho,Main,11112375,HO-Jeddah,Supply Chain,Muslim,Male,11/7/1979,Clearance Controller,5,Saudi,1-Nov-06,Married,4,12000,144000,36000,24000,5760,3000,0,0,0,15000,10294.08,0,0,0,0,5,0,,0,11112364
ho,Main,11112376,HO-Jeddah,Leadership,Muslim,Male,1/1/1958,Business Support Supervisor,4,Sudanese,20-May-96,Married,3,11500,138000,34500,18000,4800,2400,0,0,0,14375,11095.92,0,0,0,0,3,0,,0,N-1
ho,Main,11112377,HO-Jeddah,Regulatory Affairs,Muslim,Male,1/1/1984,Regulatory Affairs Specialist,3,Yemeni,11-Dec-10,Married,2,14000,168000,42000,13200,9600,1800,0,0,0,17500,3287.4,0,0,0,0,0,0,,0,11111670
ho,Main,11112378,HO-Jeddah,Sales,Muslim,Male,2/17/1976,Business Support Supervisor,4,Egyptian,24-Feb-08,Married,2,13000,156000,42000,18000,9600,2400,0,0,0,16500,15287.64,0,0,0,0,3,0,,0,11112370
ho,Main,11112379,HO-Jeddah,Supply Chain,Muslim,Male,1/1/1976,Clearance Supervisor,4,Pakistani,8-Aug-09,Married,2,7500,90000,22500,18000,5760,2400,0,0,0,9062.5,4709.52,0,0,0,0,0,0,,0,11112269
HO,Main,11112380,HO-Jeddah,Leadership,Muslim,Male,7/9/1975,Project Associate,4,Saudi,1-Apr-16,Single,0,10500,126000,31500,18000,9600,2400,0,0,0,13125,0,0,0,0,0,0,0,,0,11112369
ho,Main,11112381,HO-Jeddah,Supply Chain,Muslim,Male,9/14/1989,Clearance Officer,3,Saudi,2-Aug-15,Single,0,8000,96000,24000,13200,7680,1800,0,0,0,10000,0,0,0,0,0,0,0,,0,11112366
HO,Main,11112382,HO-Jeddah,Ops,Muslim,Male,5/15/1983,Exhibition and Conference Coordinator,3,Pakistani,3-Aug-14,Married,2,6000,72000,18000,13200,4800,1800,0,0,0,7500,3282.36,0,0,0,0,0,0,,0,11112376
HO,Main,11112383,HO-Jeddah,Supply Chain,Muslim,Male,8/25/1987,Clearance Supervisor,4,Yemeni,1-Jan-15,Married,2,12000,144000,36000,18000,7680,2400,0,0,0,16250,0,0,0,0,0,0,0,,0,11112366
ho,Main,11112384,HO-Jeddah,Supply Chain,Muslim,Male,10/21/1970,Clearance Officer,3,Palestine,1-Apr-13,Married,3,7000,84000,21000,13200,5760,1800,0,0,0,8750,3143.88,0,0,0,0,0,0,,0,11112366
ho,Main,11112385,HO-Jeddah,Regulatory Affairs,Muslim,Male,5/25/1989,Governmental Affairs Representative,3,Saudi,2-Feb-13,Single,0,4900,58800,15000,13200,9600,1800,0,0,0,6150,3328.8,0,0,0,0,0,0,,0,11111670
ho,Main,11112386,HO-Jeddah,Supply Chain,Muslim,Male,8/25/1990,Demand Planner,3,Saudi,1-Oct-12,Single,0,8500,102000,25500,13200,0,1800,0,0,0,10625,4117.8,0,0,0,0,0,0,,0,11112362
ho,Main,11112387,HO-Jeddah,Supply Chain,Muslim,Male,11/30/1982,Clearance Supervisor,4,Saudi,5-Nov-13,Married,2,9000,108000,27000,18000,5760,2400,0,0,0,11250,3575.4,0,0,0,0,3,0,,0,11112366
ho,Main,11112388,HO-Jeddah,Supply Chain,Muslim,Male,2/24/1983,Clearance Controller,5,Saudi,18-Aug-13,Married,0,12000,144000,36000,24000,5760,3000,0,0,0,15000,5979.48,0,0,0,0,0,0,,0,11112366
ho,Main,11112389,HO-Jeddah,Supply Chain,Muslim,Male,7/23/1990,Clearance Supervisor,4,Yemeni,15-Jan-14,Married,0,11000,132000,33000,18000,7680,2400,0,0,0,15750,3082.2,0,0,0,0,0,0,,0,11112366
ho,Main,11112390,HO-Jeddah,Supply Chain,Muslim,Male,11/27/1973,Clearance Supervisor,4,Saudi,6-Mar-14,Married,0,9000,108000,27000,18000,7680,2400,0,0,0,11250,3501.36,0,0,0,0,0,0,,0,11112371
ho,Main,11112391,HO-Jeddah,Supply Chain,Muslim,Male,11/11/1989,Clearance Officer,3,Saudi,2-Dec-13,Single,0,7000,84000,21000,13200,7680,1800,0,0,0,8750,3205.56,0,0,0,0,0,0,,0,11112366
ho,Main,11112392,HO-Jeddah,Supply Chain,Muslim,Male,11/4/1988,Clearance Officer,3,Saudi,16-Feb-14,Single,0,7000,84000,21000,13200,5760,1800,0,0,0,8750,2958.84,0,0,0,0,0,0,,0,11112375
HO,Main,11112393,HO-Jeddah,Supply Chain,Muslim,Male,2/10/1980,Clearance Officer,3,Pakistani,7-May-22,Married,2,7000,84000,21000,13200,5760,1800,0,0,0,8750,0,0,0,0,0,0,0,,0,11112388
HO,Main,11112394,HO-Jeddah,Leadership,Muslim,Female,2/24/1986,Project Coordinator,3,Saudi,4-Jun-23,Single,0,5000,60000,15000,13200,4800,0,0,0,0,6250,0,0,0,0,0,0,0,,0,11112369
HO,Main,11112395,HO-Jeddah,Leadership,Muslim,Male,4/1/1963,Marketing Specialist,3,Palestine,29-Feb-24,Single,0,5000,60000,0,0,0,0,0,0,0,5000,0,0,0,0,0,0,0,,0,11111147
HO,Main,11112396,HO-Jeddah,Regulatory Affairs,Muslim,Male,12/28/1998,Regulatory Affairs Specialist,3,Saudi,18-Aug-24,Single,0,11000,132000,33000,13200,4800,1800,0,0,0,13750,0,0,0,0,0,0,0,,0,11111670
HO,Main,11112397,HO-Jeddah,Supply Chain,Muslim,Male,2/9/1995,Clearance Officer,3,Sudanese,22-Jul-24,Single,0,5000,60000,15000,13200,5760,1800,0,0,0,6250,0,0,0,0,0,0,0,,0,11112383
HO,Main,11112398,HO-Jeddah,Supply Chain,Muslim,Female,2/11/1990,Data Entry,3,Yemeni,16-Sep-21,Single,0,6000,72000,18000,13200,0,0,0,0,0,7500,0,0,0,0,0,0,0,,0,11112364
ho,Main,11112399,HO-Jeddah,Regulatory Affairs,Muslim,Female,2/12/1991,Senior Pharmacovigilance Officer,4,Saudi,1-Nov-18,Single,0,13500,162000,40500,18000,7680,2400,0,0,0,16875,0,0,0,0,0,0,0,,0,11111670
ho,Main,11112400,HO-Jeddah,Supply Chain,Muslim,Male,3/17/1978,Demand Supervisor,4,Pakistani,11-Apr-11,Married,2,10000,120000,30000,18000,5760,2400,0,0,0,12500,2958.96,0,0,0,0,0,0,,0,11112362
HO,Main,11112401,HO-Jeddah,Supply Chain,Muslim,Male,8/18/1997,Demand Planner,3,Egyptian,17-Sep-25,Single,0,5000,60000,15000,13200,0,1800,0,0,0,6250,0,0,0,0,0,0,0,,0,11112362
HO,Main,11112402,HO-Jeddah,Supply Chain,Muslim,Female,9/19/1972,Demand Planner,3,Jordanian,24-Apr-25,Single,0,7500,90000,22500,13200,0,0,0,0,0,9375,0,0,0,0,0,0,0,,0,11112362
ho,Main,11112403,HO-Jeddah,Leadership,Muslim,Male,7/4/1961,Personal Driver,1,Indian,1-Oct-03,Single,0,2750,33000,8250,0,0,0,0,0,0,3437.5,2071.2,0,0,0,0,0,0,,0,N-1
HO,Main,11112404,HO-Jeddah,Facility,Muslim,Male,9/4/1975,Maintenance Manager,6,Italian,1-Jun-17,Married,2,12000,144000,36000,30000,9600,3000,0,0,0,15750,0,0,0,0,0,0,0,,0,N-1
HO,Main,11112405,HO-Jeddah,Facility,Muslim,Male,2/29/1968,Facilities Supervisor,4,Saudi,19-Dec-86,Married,7,8750,105000,26256,18000,5760,2400,0,0,0,10938,9372,0,0,0,0,7,0,,0,11111148
ho,Main,11112406,HO-Jeddah,Facility,Muslim,Male,3/8/1994,Cars & Insurance Officer,3,Pakistani,17-Aug-15,Single,0,4000,48000,12000,13200,3600,1800,0,0,0,5000,0,0,0,0,0,0,0,,0,11112404
ho,Main,11112407,HO-Jeddah,Facility,Muslim,Male,4/30/1977,Safety and Support Supervisor,4,Saudi,14-Apr-15,Single,0,4750,57000,24000,18000,5760,2400,0,0,0,6750,0,0,0,0,0,0,0,,0,11112405
HO,Main,11112408,HO-Jeddah,Facility,Muslim,Male,9/30/1991,Maintenance Supervisor,4,Egyptian,15-May-15,Single,0,6000,72000,18000,18000,5760,2400,0,0,0,7500,0,0,0,0,0,0,0,,0,11112404
HO,Main,11112409,HO-Jeddah,Facility,Muslim,Male,3/27/1990,Facilities Officer,3,Saudi,23-Jun-12,Single,0,5250,63000,24000,13200,0,1800,0,0,0,7250,2880,0,0,0,0,0,0,,0,11112405
ho,Main,11112410,HO-Jeddah,Facility,Muslim,Male,6/18/1997,Administrator,3,Saudi,1-Nov-21,Single,0,4000,48000,24000,13200,0,0,0,0,0,6000,0,0,0,0,0,0,0,,0,11112405
HO,Main,11112411,HO-Jeddah,Facility,Muslim,Male,1/1/1984,Cars & Insurance Officer,3,Saudi,14-Oct-24,Married,0,4000,48000,24000,13200,4800,1800,0,0,0,6000,0,0,0,0,0,0,0,,0,11112404
HO,Main,11112412,HO-Jeddah,Facility,Muslim,Male,1/18/1988,Safety and Support Specialist,2,Saudi,4-Sep-16,Single,0,3000,36000,24000,9000,0,0,0,0,0,5000,0,0,0,0,0,0,0,,0,11112407
HO,Main,11112413,HO-Jeddah,Facility,Muslim,Male,12/6/1980,Safety and Support Specialist,2,Saudi,6-Jun-16,Single,0,3000,36000,24000,9000,0,0,0,0,0,5000,0,0,0,0,0,0,0,,0,11112407
HO,Main,11112414,HO-Jeddah,Facility,Muslim,Male,11/29/1991,Cleaner,1,Indonesian,11-Apr-16,Single,0,1500,18000,0,0,0,0,0,0,0,1500,0,0,0,0,0,0,0,,0,11112405
HO,Main,11112415,HO-Jeddah,Facility,Muslim,Male,1/1/1991,Cleaner,1,Indonesian,8-Apr-15,Single,0,1500,18000,0,0,0,0,0,0,0,1500,0,0,0,0,0,0,0,,0,11112405
HO,Main,11112416,HO-Jeddah,Facility,Muslim,Male,1/1/1990,Cleaner,1,Indonesian,8-Apr-15,Single,0,1500,18000,3600,6000,0,0,0,0,0,1800,0,0,0,0,0,0,0,,0,11112405
HO,Main,11112417,HO-Jeddah,Facility,Muslim,Male,1/1/1991,Cleaner,1,Indonesian,8-Apr-15,Single,0,1800,21600,0,6000,0,0,0,0,0,2100,0,0,0,0,0,0,0,,0,11112405
HO,Main,11112418,HO-Jeddah,Facility,Muslim,Male,1/1/1991,Cleaner,1,Sri Lankan,7-Jul-15,Single,0,1800,21600,0,6000,0,0,0,0,0,1800,0,0,0,0,0,0,0,,0,11112405
HO,Main,11112419,HO-Jeddah,Facility,Muslim,Male,7/17/1979,Cleaner,1,Indonesian,8-Nov-15,Single,0,1500,18000,0,6000,0,0,0,0,0,1500,0,0,0,0,0,0,0,,0,11112405
ho,Main,11112420,HO-Jeddah,Facility,Muslim,Male,7/12/1984,Tea Boy,1,Indonesian,2-Jun-12,Married,0,1800,21600,0,0,0,0,0,0,0,2100.06,665.76,0,0,0,0,0,0,,0,11112405
HO,Main,11112421,HO-Jeddah,Facility,Muslim,Male,11/17/1988,Cleaner,1,Bangladesh,11-Jul-18,Single,0,1500,18000,0,0,0,0,0,0,0,1500,0,0,0,0,0,0,0,,0,11112405
HO,Main,11112422,HO-Jeddah,Facility,Muslim,Male,1/1/1988,Cleaner,1,Bangladesh,26-Sep-17,Single,0,1500,18000,0,0,0,0,0,0,0,1500,0,0,0,0,0,0,0,,0,11112405
ho,Main,11112423,HO-Jeddah,Facility,Muslim,Male,7/10/1987,Cleaner,1,Bangladesh,2-Nov-17,Single,0,1500,18000,0,0,0,0,0,0,0,1500,0,0,0,0,0,0,0,,0,11112405
ho,Main,11112424,HO-Jeddah,Facility,Muslim,Male,11/11/1969,Technician,2,Pakistani,21-Dec-17,Single,0,3000,36000,9000,9000,0,0,0,0,0,3750,0,0,0,0,0,0,0,,0,11112404
HO,Main,11112425,HO-Jeddah,Facility,Muslim,Male,10/18/1990,Tea Boy,1,Indonesian,26-Apr-17,Single,0,1500,18000,0,0,0,0,0,0,0,1500,0,0,0,0,0,0,0,,0,11112405
HO,Main,11112426,HO-Jeddah,Facility,Muslim,Male,5/3/1992,Cleaner,1,Bangladesh,20-Sep-17,Single,0,1500,18000,0,0,0,0,0,0,0,1500,0,0,0,0,0,0,0,,0,11112405
HO,Main,11112427,HO-Jeddah,Facility,Muslim,Male,10/17/1990,Safety and Support Specialist,2,Saudi,25-Sep-17,Single,0,3000,36000,24000,9000,0,0,0,0,0,5000,0,0,0,0,0,0,0,,0,11112407
HO,Main,11112428,HO-Jeddah,Facility,Muslim,Male,11/4/1993,Cleaner,1,Indonesian,13-Mar-19,Single,0,1500,18000,4500,6000,0,0,0,0,0,1875,0,0,0,0,0,0,0,,0,11112405
HO,Main,11112429,HO-Jeddah,Facility,Muslim,Male,2/26/1987,Technician,2,Pakistani,12-Nov-19,Single,0,2500,30000,7500,9000,0,0,0,0,0,3125,0,0,0,0,0,0,0,,0,11112404
HO,Main,11112430,HO-Jeddah,Facility,Muslim,Male,2/20/1988,Cleaner,1,Bangladesh,15-Oct-19,Single,0,1500,18000,0,0,0,0,0,0,0,1500,0,0,0,0,0,0,0,,0,11112405
HO,Main,11112431,HO-Jeddah,Facility,Muslim,Male,2/1/1997,Cleaner,1,Bangladesh,15-Oct-20,Single,0,1500,18000,0,0,0,0,0,0,0,1500,0,0,0,0,0,0,0,,0,11112405
HO,Main,11112432,HO-Jeddah,Facility,Muslim,Male,2/15/1984,Cleaner,1,Bangladesh,7-Sep-20,Single,0,1500,18000,0,0,0,0,0,0,0,1500,0,0,0,0,0,0,0,,0,11112405
HO,Main,11112433,HO-Jeddah,Facility,Muslim,Male,3/2/1981,Tea Boy,1,Indonesian,30-Jun-20,Single,0,1500,18000,0,6000,0,0,0,0,0,1500,0,0,0,0,0,0,0,,0,11112405
HO,Main,11112434,HO-Jeddah,Facility,Muslim,Male,5/3/1995,Cleaner,1,Bangladesh,12-Dec-21,Single,0,1500,18000,0,0,0,0,0,0,0,1500,0,0,0,0,0,0,0,,0,11112405
HO,Main,11112435,HO-Jeddah,Facility,Muslim,Male,4/1/1986,Labor,1,Bangladesh,25-Oct-21,Single,0,2000,24000,0,6000,0,0,0,0,0,2000,0,0,0,0,0,0,0,,0,11112404
HO,Main,11112436,HO-Jeddah,Facility,Muslim,Male,2/3/1984,Cleaner,1,Bangladesh,24-Oct-21,Single,0,1500,18000,0,6000,0,0,0,0,0,1500,0,0,0,0,0,0,0,,0,11112405
HO,Main,11112437,HO-Jeddah,Facility,Muslim,Male,6/16/1981,Technician,2,Egyptian,2-Mar-23,Single,0,2800,33600,8400,9000,0,0,0,0,0,3500,0,0,0,0,0,0,0,,0,11112404
HO,Main,11112438,HO-Jeddah,Ops,Muslim,Male,12/22/1987,Organizational Development Manager,6,Saudi,1-Sep-25,Married,0,25202,302424,75612,30240,0,12000,0,0,0,31503,0,0,0,0,0,0,0,,0,N-1
ho,Main,11112439,Riyadh,Marketing,Muslim,Male,5/31/1986,District Sales Manager,5,Egyptian,17-Mar-24,Married,0,13000,156000,39000,24000,9600,3000,0,0,0,16250,0,0,0,0,0,0,0,,0,11112476
HO,Main,11112440,Riyadh,Marketing,Muslim,Male,3/9/2001,Medical Representative,3,Saudi,21-Sep-25,Single,0,10000,120000,30000,18000,9600,1800,0,0,0,12500,0,0,0,0,0,0,0,,0,11112456
HO,Main,11112441,Jeddah,Marketing,Muslim,Female,5/11/1998,Medical Representative,3,Saudi,24-Aug-25,Single,0,8000,96000,24000,18000,9600,1800,0,0,0,10000,0,0,0,0,0,0,0,,0,11112452
HO,Main,11112442,Jeddah,Marketing,Muslim,Male,4/22/1979,Product Manager,5,Egyptian,30-Jun-25,Married,0,15000,180000,60000,24000,9600,3000,0,0,0,20000,0,0,0,0,0,0,0,,0,11112475
HO,Main,11112443,Jeddah,Marketing,Muslim,Male,9/21/1974,Business Support Manager,6,Egyptian,30-Jun-25,Married,0,15000,180000,60000,36000,9600,3000,0,0,0,20000,0,0,0,0,0,0,0,,0,11112475
HO,Main,11112444,Riyadh,Marketing,Muslim,Female,1/27/1995,Medical Representative,3,Saudi,1-Dec-24,Single,0,10750,129000,32256,18000,9600,1800,0,0,0,13438,0,0,0,0,0,0,0,,0,11112456
HO,Main,11112445,Riyadh,Marketing,Muslim,Male,1/31/1991,Medical Representative,3,Saudi,1-Dec-24,Married,0,12500,150000,37500,18000,9600,1800,0,0,0,15625,0,0,0,0,0,0,0,,0,11112456
HO,Main,11112446,Riyadh,Marketing,Muslim,Male,10/4/1994,Medical Representative,3,Saudi,1-Dec-24,Married,0,10250,123000,30756,18000,9600,1800,0,0,0,12813,0,0,0,0,0,0,0,,0,11112456
HO,Main,11112447,Jeddah,Marketing,Muslim,Female,6/22/1992,Medical Representative,3,Saudi,1-Dec-24,Single,0,9500,114000,28500,18000,9600,1800,0,0,0,11875,0,0,0,0,0,0,0,,0,11112452
HO,Main,11112448,Jeddah,Marketing,Muslim,Male,10/19/1996,Medical Representative,3,Saudi,1-Dec-24,Married,0,11250,135000,33756,18000,9600,1800,0,0,0,14063,0,0,0,0,0,0,0,,0,11112452
HO,Main,11112449,Dammam,Marketing,Muslim,Male,12/12/1995,Medical Representative,3,Saudi,1-Dec-24,Married,0,10250,123000,30756,18000,9600,1800,0,0,0,12813,0,0,0,0,0,0,0,,0,11112456
HO,Main,11112450,Riyadh,Marketing,Muslim,Female,2/20/1992,Medical Representative,3,Saudi,1-Dec-24,Married,0,10250,123000,30756,18000,9600,1800,0,0,0,12813,0,0,0,0,0,0,0,,0,11112456
HO,Main,11112451,Riyadh,Marketing,Muslim,Male,8/19/1996,Medical Representative,3,Saudi,1-Dec-24,Married,0,10500,126000,31500,18000,9600,1800,0,0,0,13125,0,0,0,0,0,0,0,,0,11112456
HO,Main,11112452,Jeddah,Marketing,Muslim,Male,7/2/1984,Area Manager,5,Egyptian,1-Jan-25,Married,2,17000,204000,51000,24000,9600,3000,0,0,0,21250,0,0,0,0,0,0,0,,0,11112475
HO,Main,11112453,Jeddah,Marketing,Muslim,Male,5/15/1980,Medical Representative,3,Palestine,1-Dec-24,Married,2,10500,126000,31500,18000,9600,1800,0,0,0,13125,0,0,0,0,0,0,0,,0,11112452
HO,Main,11112454,Jeddah,Marketing,Muslim,Male,6/10/1987,Promotion Supervisor,4,Egyptian,1-Dec-24,Married,0,11900,142800,35700,18000,9600,2400,0,0,0,14875,0,0,0,0,0,0,0,,0,11112452
HO,Main,11112455,Jeddah,Marketing,Muslim,Male,5/2/1987,Promotion Supervisor,4,Egyptian,1-Dec-24,Married,2,11300,135600,33900,18000,9600,2400,0,0,0,14125,0,0,0,0,0,0,0,,0,11112452
HO,Main,11112456,Riyadh,Marketing,Muslim,Male,8/16/1981,Area Manager,5,Egyptian,1-Jan-25,Married,2,15500,186000,46500,24000,9600,3000,0,0,0,15500,0,0,0,0,0,0,0,,0,11112475
HO,Main,11112457,Riyadh,Marketing,Muslim,Male,5/5/1988,Key Account Specialist,3,Egyptian,1-Dec-24,Married,2,10000,120000,30000,18000,9600,1800,0,0,0,12500,0,0,0,0,0,0,0,,0,11112456
HO,Main,11112458,Dammam,Marketing,Muslim,Male,1/1/1988,Promotion Supervisor,4,Egyptian,1-Dec-24,Married,0,11100,133200,33300,18000,9600,2400,0,0,0,13875,0,0,0,0,0,0,0,,0,11112456
HO,Main,11112459,Khamis,Marketing,Muslim,Male,6/25/1996,Medical Representative,3,Saudi,6-Apr-25,Single,0,10000,120000,30000,18000,9600,1800,0,0,0,12500,0,0,0,0,0,0,0,,0,11112452
HO,Main,11112460,Madina,Marketing,Muslim,Male,4/7/1996,Medical Representative,3,Saudi,11-May-25,Single,0,10000,120000,30000,18000,9600,1800,0,0,0,12500,0,0,0,0,0,0,0,,0,11112452
HO,Main,11112461,Riyadh,Marketing,Muslim,Female,2/6/2000,Medical Representative,3,Saudi,4-May-25,Single,0,10000,120000,30000,18000,9600,1800,0,0,0,12500,0,0,0,0,0,0,0,,0,11112456
HO,Main,11112462,Riyadh,Marketing,Muslim,Male,10/12/1970,District Sales Manager,5,Egyptian,1-May-24,Married,1,13000,156000,39000,24000,9600,3000,0,0,0,16250,0,0,0,0,0,0,0,,0,11112476
HO,Main,11112463,Jeddah,Marketing,Muslim,Male,4/1/1969,National Sales Manager,6,Egyptian,27-Sep-23,Married,1,16500,198000,60000,36000,9600,3000,0,0,0,21500,0,0,0,0,0,0,0,,0,11112475
ho,Main,11112464,Jeddah,Marketing,Muslim,Male,1/1/1974,Business Unit Manager,6,Egyptian,3-Apr-22,Married,3,17500,210000,60000,36000,9600,3000,0,0,0,22500,0,0,0,0,0,0,0,,0,11112475
HO,Main,11112465,Jeddah,Marketing,Muslim,Male,4/22/1974,Product Manager,5,Egyptian,1-Apr-20,Married,0,16000,192000,50004,24000,9600,3000,0,0,0,20167,0,0,0,0,0,0,0,,0,11112475
ho,Main,11112466,HO-Jeddah,Marketing,Muslim,Male,12/25/1965,Marketing Manager,5,Egyptian,15-Sep-05,Married,1,19000,228000,65004,24000,11520,3000,0,0,0,24417,26055.12,0,0,0,0,2,0,,0,11112475
ho,Main,11112467,Riyadh,Marketing,Muslim,Male,10/15/1978,Medical Promotional Manager,5,Egyptian,1-Jun-08,Married,2,11500,138000,39996,24000,9600,3000,0,0,0,14833,13808.28,0,0,0,0,0,0,,0,11112469
ho,Main,11112468,Khamis,Marketing,Muslim,Male,6/20/1981,Medical Promotional Manager,5,Egyptian,4-Feb-09,Married,2,13000,156000,39999.96,24000,9600,3000,0,0,0,16333.33,15123.24,0,0,0,0,3,0,,0,11112463
ho,Main,11112469,Jeddah,Marketing,Muslim,Male,10/3/1981,National Sales Manager,6,Palestine,1-Apr-05,Married,2,16500,198000,60000,36000,9600,3000,0,0,0,21500,15123.36,0,0,0,0,2,0,,0,11112475
ho,Main,11112470,HO-Jeddah,Marketing,Muslim,Male,1/1/1973,Business Unit Manager,6,Jordanian,1-Jan-07,Married,2,20500,246000,61500,36000,9600,3000,0,0,0,25625,19890.48,0,0,0,0,2,0,,0,11112475
ho,Main,11112471,Riyadh,Marketing,Muslim,Male,1/1/1980,Medical Promotional Manager,5,Egyptian,3-Jun-12,Married,2,11500,138000,39996,24000,9600,3000,0,0,0,14833,5342.28,0,0,0,0,0,0,,0,11112473
ho,Main,11112472,Riyadh,Marketing,Muslim,Male,1/1/1980,Medical Promotional Manager,5,Egyptian,30-May-12,Married,2,14000,168000,42003.96,24000,9600,3000,0,0,0,17500.33,7561.68,0,0,0,0,0,0,,0,11112470
ho,Main,11112473,HO-Jeddah,Marketing,Muslim,Male,8/10/1966,Business Unit Manager,6,Egyptian,1-Mar-14,Married,0,21500,258000,80004,36000,9600,3000,0,0,0,28167,14383.56,0,0,0,0,0,0,,0,11112475
ho,Main,11112474,Jeddah,Marketing,Muslim,Male,1/1/1972,Business Unit Manager,6,Egyptian,1-Apr-14,Married,2,19000,228000,60000,36000,9600,3000,0,0,0,24000,7561.68,0,0,0,0,0,0,,0,11112475
ho,Main,11112475,HO-Jeddah,Marketing,Muslim,Male,1/1/1969,Scientific Marketing Director,7,Egyptian,1-Mar-13,Married,3,42000,504000,126000,42000,11520,4800,0,0,0,46125,20589,0,0,0,0,4,0,,0,N-1
ho,Main,11112476,Jeddah,Marketing,Muslim,Male,1/1/1963,Scientific Marketing Director,7,Egyptian,1-Apr-24,Married,1,35000,420000,105000,42000,11520,4800,0,0,0,43750,0,0,0,0,0,0,0,,0,N-1
ho,Main,11112477,Riyadh,Marketing,Muslim,Male,6/23/1984,Medical Representative,3,Egyptian,1-Jan-11,Married,2,7850,94200,27996,18000,9600,1800,0,0,0,10183,5342.4,0,0,0,0,2,0,,0,11112471
ho,Main,11112478,Jeddah,Marketing,Muslim,Male,5/18/1987,Promotion Supervisor,4,Egyptian,5-Mar-11,Married,2,10000,120000,30000,18000,9600,2400,0,0,0,12500,5342.28,0,0,0,0,1,0,,0,11112464
ho,Main,11112479,Dammam,Marketing,Muslim,Male,4/24/1985,Promotion Supervisor,4,Egyptian,31-May-08,Married,2,12000,144000,39999.96,18000,9600,2400,0,0,0,15333.33,15123.24,0,0,0,0,3,0,,0,11112473
ho,Main,11112480,Jeddah,Marketing,Muslim,Male,9/3/1983,Promotion Supervisor,4,Egyptian,23-Nov-16,Married,3,11500,138000,39996,18000,9600,2400,0,0,0,14833,0,0,0,0,0,0,0,,0,11112470
ho,Main,11112481,Jeddah,Marketing,Muslim,Male,3/15/1978,Product Supervisor,4,Egyptian,24-Nov-16,Married,2,10500,126000,36000,18000,9600,2400,0,0,0,13500,0,0,0,0,0,0,0,,0,11112469
HO,Main,11112482,Riyadh,Marketing,Muslim,Male,3/28/1988,Medical Representative,3,Egyptian,8-Nov-16,Married,0,7850,94200,27996,18000,9600,1800,0,0,0,10183,0,0,0,0,0,0,0,,0,11112472
HO,Main,11112483,Riyadh,Marketing,Muslim,Male,4/1/1992,Medical Representative,3,Egyptian,8-Nov-16,Married,1,7850,94200,27996,18000,9600,1800,0,0,0,10183,0,0,0,0,0,0,0,,0,11112472
ho,Main,11112484,Jeddah,Marketing,Muslim,Male,9/4/1991,Medical Representative,3,Egyptian,8-Nov-16,Single,0,7850,94200,27996,18000,9600,1800,0,0,0,10183,0,0,0,0,0,0,0,,0,11112478
HO,Main,11112485,Dammam,Marketing,Muslim,Male,1/1/1991,Medical Representative,3,Egyptian,4-Sep-16,Married,2,7850,94200,27996,18000,9600,1800,0,0,0,10183,0,0,0,0,0,0,0,,0,11112504
HO,Main,11112486,Jeddah,Marketing,Muslim,Male,11/4/1992,Medical Representative,3,Egyptian,18-May-16,Married,0,7850,94200,27996,18000,9600,1800,0,0,0,10183,0,0,0,0,0,0,0,,0,11112490
HO,Main,11112487,Riyadh,Marketing,Muslim,Male,6/16/1988,Medical Representative,3,Egyptian,19-May-16,Married,2,7850,94200,27996,18000,9600,1800,0,0,0,10183,0,0,0,0,0,0,0,,0,11112489
ho,Main,11112488,Jeddah,Marketing,Muslim,Female,2/25/1984,Medical Representative,3,Egyptian,29-Jun-16,Single,0,6500,78000,24000,18000,9600,1800,0,0,0,8500,0,0,0,0,0,0,0,,0,11112481
HO,Main,11112489,Riyadh,Marketing,Muslim,Male,7/6/1986,Promotion Supervisor,4,Egyptian,9-Jun-16,Single,0,10000,120000,30000,18000,9600,2400,0,0,0,12667,0,0,0,0,0,0,0,,0,11112464
HO,Main,11112490,Jeddah,Marketing,Muslim,Male,10/20/1992,Promotion Supervisor,4,Egyptian,23-Aug-16,Married,0,10000,120000,39996,18000,9600,2400,0,0,0,14333,0,0,0,0,0,0,0,,0,11112474
HO,Main,11112491,Dammam,Marketing,Muslim,Male,7/7/1984,Medical Representative,3,Egyptian,15-Jun-15,Married,2,7850,94200,27996,18000,9600,1800,0,0,0,10183,0,0,0,0,0,0,0,,0,11112489
HO,Main,11112492,Khamis,Marketing,Muslim,Male,7/1/1985,Medical Representative,3,Sudanese,16-Sep-15,Married,2,7850,94200,27996,18000,9600,1800,0,0,0,10183,0,0,0,0,0,0,0,,0,11112528
HO,Main,11112493,Dammam,Marketing,Muslim,Male,6/26/1977,Medical Representative,3,Egyptian,15-Jul-14,Married,2,8500,102000,27996,18000,9600,1800,0,0,0,10833,5342.52,0,0,0,0,0,0,,0,11112469
ho,Main,11112494,Jeddah,Marketing,Muslim,Male,12/30/1989,Medical Representative,3,Indian,5-Jun-13,Married,1,7850,94200,27996,18000,9600,1800,0,0,0,10183,4356.12,0,0,0,0,0,0,,0,11112497
ho,Main,11112495,Riyadh,Marketing,Muslim,Male,1/26/1988,Promotion Supervisor,4,Egyptian,7-Mar-14,Married,2,10000,120000,39996,18000,9600,2400,0,0,0,13333,5342.52,0,0,0,0,0,0,,0,11112470
HO,Main,11112496,Riyadh,Marketing,Muslim,Male,1/1/1987,Promotion Supervisor,4,Egyptian,7-Mar-14,Married,2,10000,120000,30000,18000,9600,2400,0,0,0,12666.6,5342.52,0,0,0,0,0,0,,0,11112463
ho,Main,11112497,Jeddah,Marketing,Muslim,Male,5/16/1972,Promotion Supervisor,4,Egyptian,1-Mar-14,Married,3,11500,138000,40000.8,18000,9600,2400,0,0,0,14833.4,7561.68,0,0,0,0,0,0,,0,11112463
ho,Main,11112498,Madina,Marketing,Muslim,Male,1/1/1991,Medical Representative,3,Egyptian,13-May-14,Married,0,7850,94200,27996,18000,9600,1800,0,0,0,10183,4191.72,0,0,0,0,0,0,,0,11112528
HO,Main,11112499,Riyadh,Marketing,Muslim,Male,9/24/1992,Promotion Supervisor,4,Saudi,14-Aug-22,Single,0,12000,144000,36000,18000,9600,2400,0,0,0,15000,0,0,0,0,0,0,0,,0,11112470
ho,Main,11112500,Jeddah,Marketing,Muslim,Male,10/17/1997,Promotion Supervisor,4,Saudi,7-Aug-22,Single,0,11000,132000,33000,18000,9600,2400,0,0,0,13750,0,0,0,0,0,0,0,,0,11112480
HO,Main,11112501,Jeddah,Marketing,Muslim,Female,7/28/1985,Medical Representative,3,Yemeni,13-Apr-22,Single,0,11000,132000,33000,18000,9600,1800,0,0,0,13750,0,0,0,0,0,0,0,,0,11112528
HO,Main,11112502,Jeddah,Marketing,Muslim,Male,5/20/1981,Medical Representative,3,Egyptian,8-May-22,Married,0,7500,90000,28008,18000,9600,1800,0,0,0,9834,0,0,0,0,0,0,0,,0,11112528
HO,Main,11112503,Riyadh,Marketing,Muslim,Male,9/22/1993,Senior Medical Representative,3,Saudi,18-May-22,Single,0,10500,126000,31500,18000,9600,1800,0,0,0,13125,0,0,0,0,0,0,0,,0,11112489
HO,Main,11112504,Riyadh,Marketing,Muslim,Male,9/18/1988,Product Supervisor,4,Egyptian,19-Mar-23,Married,2,10000,120000,30000,18000,9600,2400,0,0,0,12500,0,0,0,0,0,0,0,,0,11112474
HO,Main,11112505,Riyadh,Marketing,Muslim,Female,10/3/1983,Medical Representative,3,Jordanian,16-May-23,Single,0,10500,126000,31500,18000,9600,1800,0,0,0,13250,0,0,0,0,0,0,0,,0,11112504
HO,Main,11112506,Riyadh,Marketing,Muslim,Male,2/25/1998,Medical Representative,3,Saudi,16-May-23,Single,0,10000,120000,30000,18000,9600,1800,0,0,0,12500,0,0,0,0,0,0,0,,0,11112504
ho,Main,11112507,Khamis,Marketing,Muslim,Female,7/11/1992,Medical Representative,3,Saudi,3-Mar-24,Single,0,10500,126000,31500,18000,9600,1800,0,0,0,13125,0,0,0,0,0,0,0,,0,11112478
HO,Main,11112508,Jeddah,Marketing,Muslim,Male,6/28/1999,Medical Representative,3,Yemeni,3-Mar-24,Single,0,8000,96000,24000,18000,9600,1800,0,0,0,8000,0,0,0,0,0,0,0,,0,11112497
ho,Main,11112509,Jeddah,Marketing,Muslim,Male,7/27/1994,Medical Representative,3,Egyptian,3-Mar-24,Married,0,7000,84000,27996,18000,9600,1800,0,0,0,9333,0,0,0,0,0,0,0,,0,11112490
HO,Main,11112510,Dammam,Marketing,Muslim,Male,7/28/1996,Medical Representative,3,Egyptian,1-Oct-23,Single,0,7000,84000,27996,18000,9600,1800,0,0,0,9333,0,0,0,0,0,0,0,,0,11112479
HO,Main,11112511,Riyadh,Marketing,Muslim,Female,12/19/1996,Medical Representative,3,Iraq,26-Sep-23,Single,0,10500,126000,31500,18000,9600,1800,0,0,0,13125,0,0,0,0,0,0,0,,0,11112504
ho,Main,11112512,Riyadh,Marketing,Muslim,Female,8/24/1993,Medical Representative,3,Egyptian,1-May-24,Married,0,7500,90000,27996,18000,9600,1800,0,0,0,9833,0,0,0,0,0,0,0,,0,11112439
HO,Main,11112513,Riyadh,Marketing,Muslim,Male,1/1/1990,Medical Representative,3,Egyptian,1-Apr-24,Married,0,7000,84000,27996,18000,9600,1800,0,0,0,9333,0,0,0,0,0,0,0,,0,11112489
ho,Main,11112514,Dammam,Marketing,Muslim,Male,5/25/1987,Medical Representative,3,Egyptian,21-Apr-24,Single,0,7500,90000,27996,18000,9600,1800,0,0,0,9833,0,0,0,0,0,0,0,,0,11112439
ho,Main,11112515,Riyadh,Marketing,Muslim,Male,10/26/1993,Medical Representative,3,Egyptian,4-Jun-24,Single,0,7500,90000,27996,18000,9600,1800,0,0,0,9833,0,0,0,0,0,0,0,,0,11112472
ho,Main,11112516,Jeddah,Marketing,Muslim,Male,5/14/1997,Medical Representative,3,Saudi,9-Jun-24,Single,0,8000,96000,24000,18000,9600,1800,0,0,0,10000,0,0,0,0,0,0,0,,0,11112480
HO,Main,11112517,Dammam,Marketing,Muslim,Male,3/8/1995,Medical Representative,3,Egyptian,5-Aug-24,Single,0,7300,87600,27996,18000,9600,1800,0,0,0,9633,0,0,0,0,0,0,0,,0,11112472
HO,Main,11112518,Dammam,Marketing,Muslim,Male,7/25/1992,Medical Representative,3,Egyptian,30-Jul-24,Married,0,7500,90000,27996,18000,9600,1800,0,0,0,9833,0,0,0,0,0,0,0,,0,11112496
HO,Main,11112519,Riyadh,Marketing,Muslim,Male,2/19/1995,Medical Representative,3,Egyptian,3-Jul-24,Married,0,7000,84000,27996,18000,9600,1200,0,0,0,9333,0,0,0,0,0,0,0,,0,11112496
HO,Main,11112520,Jeddah,Marketing,Muslim,Male,11/14/1990,Medical Representative,3,Egyptian,4-Jul-24,Single,0,7000,84000,27996,18000,9600,1200,0,0,0,9333,0,0,0,0,0,0,0,,0,11112478
ho,Main,11112521,Riyadh,Marketing,Muslim,Male,6/4/2000,Medical Representative,3,Egyptian,14-Jul-24,Single,0,7000,84000,27996,18000,9600,1800,0,0,0,9333,0,0,0,0,0,0,0,,0,11112496
HO,Main,11112522,Jeddah,Marketing,Muslim,Male,9/26/1998,Medical Representative,3,Egyptian,28-Jul-24,Single,0,7000,84000,27996,18000,9600,1800,0,0,0,0,0,0,0,0,0,0,0,,0,11112480
HO,Main,11112523,Jeddah,Marketing,Muslim,Male,1/6/1994,Data Analyst,3,Saudi,1-Aug-24,Single,0,5000,60000,24000,13200,0,0,0,0,0,7000,0,0,0,0,0,0,0,,0,11112476
HO,Main,11112524,Jeddah,Marketing,Muslim,Male,1/18/1989,Medical Representative,3,Egyptian,1-Apr-20,Single,0,7850,94200,27996,18000,9600,1800,0,0,0,10183,0,0,0,0,0,0,0,,0,11112463
HO,Main,11112525,HO-Jeddah,Marketing,Muslim,Male,7/26/1965,Secretary,3,Indian,15-Oct-20,Married,2,7000,84000,21000,13200,4800,1800,0,0,0,8750,0,0,0,0,0,0,0,,0,11112475
HO,Main,11112526,Riyadh,Marketing,Muslim,Male,10/17/1987,Medical Representative,3,Egyptian,8-Jul-19,Married,2,7850,94200,27996,18000,9600,1800,0,0,0,10183,0,0,0,0,0,0,0,,0,11112471
HO,Main,11112527,Jeddah,Marketing,Muslim,Male,11/1/1994,Medical Representative,3,Egyptian,2-Sep-18,Married,1,7850,94200,27996,18000,9600,1800,0,0,0,10183,0,0,0,0,0,0,0,,0,11112528
HO,Main,11112528,Jeddah,Marketing,Muslim,Male,8/1/1985,Promotion Supervisor,4,Egyptian,5-Jan-17,Married,2,11500,138000,39996,18000,9600,2400,0,0,0,14833,0,0,0,0,0,0,0,,0,11112473
HO,Main,11112529,Jeddah,Marketing,Muslim,Male,9/20/1998,Medical Representative,3,Egyptian,26-Apr-23,Single,0,7500,90000,27996,18000,9600,1800,0,0,0,9833,0,0,0,0,0,0,0,,0,11112478
HO,Main,11112530,Riyadh,Marketing,Muslim,Male,3/6/1999,Medical Representative,3,Egyptian,7-Oct-25,Single,0,7000,84000,27996,18000,9600,1800,0,0,0,9333,0,0,0,0,0,0,0,,0,11112504
HO,Main,11112531,Riyadh,Marketing,Muslim,Male,9/15/1994,Medical Representative,3,Egyptian,7-Oct-25,Single,0,7000,84000,27996,18000,9600,1800,0,0,0,9333,0,0,0,0,0,0,0,,0,11112504
HO,Main,11112532,Riyadh,Marketing,Muslim,Female,5/22/1999,Medical Representative,3,Saudi,10-Aug-25,Single,0,10000,120000,27996,18000,9600,1800,0,0,0,12333,0,0,0,0,0,0,0,,0,11112439
HO,Main,11112533,Jeddah,Marketing,Muslim,Male,6/24/1992,Senior Medical Representative,3,Egyptian,1-Jul-25,Married,0,7500,90000,27996,18000,9600,1800,0,0,0,9833,0,0,0,0,0,0,0,,0,11112478
HO,Main,11112534,Riyadh,Marketing,Muslim,Male,9/25/1996,Medical Representative,3,Egyptian,24-Jun-25,Single,0,7000,84000,27996,18000,9600,1800,0,0,0,9333,0,0,0,0,0,0,0,,0,11112472
HO,Main,11112535,Jeddah,Marketing,Muslim,Male,1/8/1980,Medical Representative,3,Egyptian,16-Jun-25,Married,0,7000,84000,27996,18000,9600,1800,0,0,0,9333,0,0,0,0,0,0,0,,0,11112463
HO,Main,11112536,Jeddah,Marketing,Muslim,Male,6/15/1997,Medical Representative,3,Egyptian,11-Jun-25,Single,0,7000,84000,27996,18000,9600,1800,0,0,0,9333,0,0,0,0,0,0,0,,0,11112480
HO,Main,11112537,Jeddah,Marketing,Muslim,Male,3/21/1999,Medical Representative,3,Egyptian,11-Jun-25,Single,0,7000,84000,27996,18000,9600,1800,0,0,0,9333,0,0,0,0,0,0,0,,0,11112490
HO,Main,11112538,Riyadh,Marketing,Muslim,Female,12/16/1999,Medical Representative,3,Saudi,15-Jun-25,Single,0,8000,96000,24000,18000,9600,1800,0,0,0,10000,0,0,0,0,0,0,0,,0,11112472
HO,Main,11112539,Riyadh,Marketing,Muslim,Male,9/29/1987,Medical Representative,3,Egyptian,14-Oct-24,Single,0,7500,90000,27996,18000,9600,1800,0,0,0,9833,0,0,0,0,0,0,0,,0,11112439
HO,Main,11112540,Jeddah,Marketing,Muslim,Male,9/9/1998,Medical Representative,3,Saudi,15-Apr-24,Single,0,9000,108000,27000,18000,9600,1800,0,0,0,11250,0,0,0,0,0,0,0,,0,11112478
HO,Main,11112541,Riyadh,Marketing,Muslim,Male,1/1/1992,Medical Representative,3,Egyptian,1-Sep-24,Married,1,7500,90000,27996,18000,9600,1800,0,0,0,9833,0,0,0,0,0,0,0,,0,11112439
HO,Main,11112542,Khamis,Marketing,Muslim,Male,7/2/1997,Medical Representative,3,Egyptian,2-Mar-25,Single,0,7000,84000,27996,18000,9600,1800,0,0,0,9333,0,0,0,0,0,0,0,,0,11112490
HO,Main,11112543,Dammam,Marketing,Muslim,Male,1/7/1988,Medical Representative,3,Egyptian,2-Mar-25,Married,0,7000,84000,27996,18000,9600,1800,0,0,0,9333,0,0,0,0,0,0,0,,0,11112496
HO,Main,11112544,Riyadh,Marketing,Muslim,Male,1/19/1999,Medical Representative,3,Yemeni,9-Mar-25,Single,0,10000,120000,30000,18000,9600,1800,0,0,0,12500,0,0,0,0,0,0,0,,0,11112496
HO,Main,11112545,Riyadh,Marketing,Muslim,Female,6/8/2000,Medical Representative,3,Saudi,3-Mar-25,Single,0,8000,96000,24000,18000,9600,1800,0,0,0,10000,0,0,0,0,0,0,0,,0,11112504
HO,Main,11112546,Jeddah,Marketing,Muslim,Male,1/20/2001,Medical Representative,3,Egyptian,10-Mar-25,Single,0,7000,84000,27996,18000,9600,1800,0,0,0,9333,0,0,0,0,0,0,0,,0,11112471
HO,Main,11112547,Khamis,Marketing,Muslim,Male,2/1/1986,Medical Representative,3,Egyptian,8-Apr-25,Married,2,7000,84000,27996,18000,9600,1800,0,0,0,9333,0,0,0,0,0,0,0,,0,11112468
HO,Main,11112548,Riyadh,Marketing,Muslim,Male,11/12/1994,Medical Representative,3,Egyptian,27-Apr-25,Single,0,7000,84000,27996,18000,9600,1800,0,0,0,9333,0,0,0,0,0,0,0,,0,11112496
HO,Main,11112549,Riyadh,Marketing,Muslim,Male,4/24/1996,Medical Representative,3,Saudi,16-Mar-25,Single,0,9000,108000,27000,18000,9600,1800,0,0,0,11250,0,0,0,0,0,0,0,,0,11112489
HO,Main,11112550,Riyadh,Marketing,Muslim,Male,2/15/1991,Medical Representative,3,Egyptian,16-Mar-25,Married,0,7000,84000,27996,18000,9600,1800,0,0,0,9333,0,0,0,0,0,0,0,,0,11112504
HO,Main,11112551,Jeddah,Marketing,Muslim,Male,5/26/1990,Medical Representative,3,Egyptian,6-Apr-25,Married,0,7500,90000,27996,18000,9600,1800,0,0,0,9833,0,0,0,0,0,0,0,,0,11112476
HO,Main,11112552,Jeddah,Marketing,Muslim,Male,8/19/1988,Medical Representative,3,Saudi,19-Mar-25,Single,0,10000,120000,27996,18000,9600,1800,0,0,0,12333,0,0,0,0,0,0,0,,0,11112476
HO,Main,11112553,Jeddah,Marketing,Muslim,Male,9/8/1993,Medical Representative,3,Saudi,1-May-25,Married,0,8000,96000,24000,18000,9600,1800,0,0,0,10000,0,0,0,0,0,0,0,,0,11112481
ho,Main,11112554,Jeddah,Marketing,Muslim,Male,8/1/1990,Medical Representative,3,Egyptian,26-Mar-24,Married,0,7500,90000,27996,18000,9600,1800,0,0,0,9833,0,0,0,0,0,0,0,,0,11112476
